year,month,day,hour,pm25,DEWP,TEMP,PRES,cbwd,Iws
2010,3,1,0,69,-4,-3,1026,SE,7.15
2010,3,1,1,59,-5,-4,1026,SE,12.07
2010,3,1,2,42,-5,-4,1025,SE,15.2
2010,3,1,3,35,-5,-4,1025,SE,18.33
2010,3,1,4,35,-5,-5,1025,SE,20.12
2010,3,1,5,29,-5,-4,1025,SE,23.25
2010,3,1,6,25,-5,-4,1026,SE,25.04
2010,3,1,7,23,-5,-4,1025,SE,28.17
2010,3,1,8,17,-5,-4,1026,SE,29.96
2010,3,1,9,25,-5,-3,1026,SE,33.09
2010,3,1,10,39,-5,-2,1025,SE,36.22
2010,3,1,11,44,-5,-1,1024,SE,38.01
2010,3,1,12,51,-6,-2,1023,SE,39.8
2010,3,1,13,61,-6,-1,1022,SE,42.93
2010,3,1,14,70,-5,-1,1021,SE,46.06
2010,3,1,15,70,-5,-1,1021,SE,50.08
2010,3,1,16,65,-5,-1,1020,SE,53.21
2010,3,1,17,75,-5,-1,1020,SE,58.13
2010,3,1,18,86,-5,-2,1020,SE,63.05
2010,3,1,19,91,-5,-2,1020,SE,67.07
2010,3,1,20,95,-5,-2,1020,SE,70.2
2010,3,1,21,89,-5,-2,1019,SE,73.33
2010,3,1,22,96,-5,-2,1019,SE,77.35
2010,3,1,23,99,-5,-2,1019,SE,80.48
2010,3,2,0,101,-5,-2,1019,SE,82.27
2010,3,2,1,101,-5,-2,1019,cv,0.89
2010,3,2,2,108,-5,-2,1019,SE,0.89
2010,3,2,3,108,-5,-3,1018,cv,0.89
2010,3,2,4,115,-6,-5,1018,cv,1.78
2010,3,2,5,111,-7,-6,1018,NW,1.79
2010,3,2,6,120,-7,-6,1019,cv,0.89
2010,3,2,7,125,-8,-6,1020,cv,1.78
2010,3,2,8,138,-6,-5,1021,NW,1.79
2010,3,2,9,164,-4,0,1022,NW,4.92
2010,3,2,10,169,-7,2,1023,NW,12.07
2010,3,2,11,82,-9,4,1022,NW,20.12
2010,3,2,12,63,-9,6,1022,NW,28.17
2010,3,2,13,37,-11,6,1022,NW,36.22
2010,3,2,14,37,-12,7,1021,NW,44.27
2010,3,2,15,36,-12,8,1021,NW,52.32
2010,3,2,16,30,-13,8,1021,NW,60.37
2010,3,2,17,27,-12,8,1021,NW,65.29
2010,3,2,18,28,-13,7,1022,NW,69.31
2010,3,2,19,34,-12,7,1023,NW,72.44
2010,3,2,20,44,-12,5,1024,cv,0.89
2010,3,2,21,116,-11,5,1024,NW,1.79
2010,3,2,22,139,-6,3,1024,SE,3.13
2010,3,2,23,129,-6,0,1025,cv,0.89
2010,3,3,0,109,-6,3,1024,NW,1.79
2010,3,3,1,97,-5,0,1025,SE,0.89
2010,3,3,2,92,-5,-2,1025,cv,0.89
2010,3,3,3,158,-7,-1,1025,SE,4.02
2010,3,3,4,178,-8,-1,1024,SE,8.94
2010,3,3,5,135,-8,-1,1024,SE,12.96
2010,3,3,6,111,-8,-1,1024,SE,16.98
2010,3,3,7,114,-9,-2,1025,cv,0.89
2010,3,3,8,121,-7,-1,1025,SE,0.89
2010,3,3,9,126,-8,0,1026,cv,0.89
2010,3,3,10,133,-7,1,1026,SE,3.13
2010,3,3,11,146,-7,2,1025,SE,6.26
2010,3,3,12,165,-5,3,1025,SE,9.39
2010,3,3,13,202,-5,4,1023,SE,12.52
2010,3,3,14,230,-5,5,1022,SE,15.65
2010,3,3,15,247,-6,5,1021,SE,18.78
2010,3,3,16,236,-6,6,1021,SE,20.57
2010,3,3,17,227,-6,5,1020,SE,24.59
2010,3,3,18,224,-6,4,1019,cv,0.89
2010,3,3,19,187,-5,3,1020,SE,1.79
2010,3,3,20,150,-5,3,1020,SE,3.58
2010,3,3,21,144,-5,2,1020,cv,0.89
2010,3,3,22,123,-4,1,1020,cv,1.78
2010,3,3,23,134,-6,2,1020,SE,1.79
2010,3,4,0,98,-5,2,1019,SE,4.92
2010,3,4,1,101,-5,1,1019,SE,6.71
2010,3,4,2,108,-5,1,1018,SE,9.84
2010,3,4,3,126,-5,1,1017,SE,12.97
2010,3,4,4,125,-4,0,1016,cv,0.89
2010,3,4,5,121,-3,0,1015,NE,1.79
2010,3,4,6,123,-4,-1,1015,SE,1.79
2010,3,4,7,126,-4,-1,1015,SE,3.58
2010,3,4,8,131,-3,0,1016,SE,4.47
2010,3,4,9,126,-4,1,1016,SE,7.6
2010,3,4,10,156,-4,3,1016,SE,9.39
2010,3,4,11,187,-4,3,1015,SE,12.52
2010,3,4,12,220,-4,4,1015,SE,14.31
2010,3,4,13,237,-4,6,1014,SE,17.44
2010,3,4,14,252,-4,7,1013,SE,19.23
2010,3,4,15,226,-4,7,1014,SE,22.36
2010,3,4,16,231,-3,5,1013,NW,3.13
2010,3,4,17,222,-2,3,1013,NW,8.05
2010,3,4,18,246,-2,3,1013,cv,0.89
2010,3,4,19,261,-2,3,1014,cv,1.78
2010,3,4,20,256,-2,3,1015,NW,1.79
2010,3,4,21,255,-2,3,1016,NW,4.92
2010,3,4,22,263,-2,2,1017,NW,8.05
2010,3,4,23,269,-2,2,1018,NW,12.07
2010,3,5,0,248,-2,1,1019,NW,16.99
2010,3,5,1,89,-10,3,1020,NW,22.8
2010,3,5,2,15,-13,2,1021,NW,26.82
2010,3,5,3,19,-17,1,1022,NW,35.76
2010,3,5,4,15,-16,0,1022,NW,45.59
2010,3,5,5,13,-16,-1,1024,NW,53.64
2010,3,5,6,16,-16,-2,1026,NW,62.58
2010,3,5,7,19,-18,-3,1027,NW,71.52
2010,3,5,8,19,-19,-2,1028,NW,81.35
2010,3,5,9,24,-23,-1,1027,NW,95.21
2010,3,5,10,24,-25,0,1027,NW,105.04
2010,3,5,11,17,-25,2,1029,NW,110.85
2010,3,5,12,11,-24,2,1029,NW,116.66
2010,3,5,13,17,-25,3,1028,NW,123.81
2010,3,5,14,14,-25,3,1028,NW,130.96
2010,3,5,15,16,-25,2,1028,NE,4.92
2010,3,5,16,16,-24,3,1028,cv,1.79
2010,3,5,17,18,-25,2,1029,NE,3.13
2010,3,5,18,22,-24,1,1029,NE,6.26
2010,3,5,19,30,-24,0,1030,NE,9.39
2010,3,5,20,27,-25,0,1030,NE,12.52
2010,3,5,21,29,-23,0,1031,NE,17.44
2010,3,5,22,20,-22,-1,1032,NE,23.25
2010,3,5,23,14,-22,-2,1033,NE,29.06
2010,3,6,0,19,-22,-2,1033,NE,34.87
2010,3,6,1,16,-21,-3,1034,NE,40.68
2010,3,6,2,12,-21,-3,1034,NE,44.7
2010,3,6,3,13,-22,-4,1035,NE,49.62
2010,3,6,4,15,-22,-4,1034,NE,55.43
2010,3,6,5,11,-23,-5,1034,NE,61.24
2010,3,6,6,19,-23,-5,1035,NE,66.16
2010,3,6,7,16,-23,-5,1035,NE,71.97
2010,3,6,8,27,-22,-5,1035,NE,76.89
2010,3,6,9,23,-22,-3,1036,NE,80.91
2010,3,6,10,29,-23,-2,1036,NE,82.7
2010,3,6,11,26,-22,-1,1035,NW,1.79
2010,3,6,12,39,-22,0,1034,SE,1.79
2010,3,6,13,52,-20,1,1033,cv,3.13
2010,3,6,14,65,-18,1,1032,cv,4.92
2010,3,6,15,91,-13,2,1031,SE,4.02
2010,3,6,16,103,-13,2,1031,cv,1.79
2010,3,6,17,99,-10,1,1031,SE,3.13
2010,3,6,18,99,-9,-1,1032,SE,6.26
2010,3,6,19,103,-9,-1,1032,SE,9.39
2010,3,6,20,96,-9,-1,1033,SE,11.18
2010,3,6,21,76,-9,-3,1034,SE,12.07
2010,3,6,22,69,-9,-4,1034,SE,13.86
2010,3,6,23,83,-9,-3,1035,SE,18.78
2010,3,7,0,62,-9,-3,1035,SE,21.91
2010,3,7,1,51,-9,-4,1035,SE,25.04
2010,3,7,2,53,-9,-5,1035,SE,28.17
2010,3,7,3,68,-10,-6,1035,SE,31.3
2010,3,7,4,71,-9,-5,1035,SE,34.43
2010,3,7,5,62,-10,-5,1035,SE,37.56
2010,3,7,6,58,-10,-6,1035,SE,39.35
2010,3,7,7,69,-11,-7,1036,cv,0.45
2010,3,7,8,74,-9,-5,1037,cv,0.9
2010,3,7,9,67,-10,-3,1037,SE,1.79
2010,3,7,10,57,-10,-2,1035,SE,4.92
2010,3,7,11,69,-10,-1,1036,SE,8.05
2010,3,7,12,83,-11,0,1036,SE,11.18
2010,3,7,13,92,-11,1,1035,cv,1.79
2010,3,7,14,100,-10,0,1034,cv,3.58
2010,3,7,15,108,-11,0,1034,SE,3.13
2010,3,7,16,132,-11,0,1033,SE,6.26
2010,3,7,17,132,-12,0,1034,SE,8.05
2010,3,7,18,134,-12,-1,1034,cv,0.89
2010,3,7,19,128,-11,-1,1035,SE,1.79
2010,3,7,20,124,-10,-1,1036,cv,0.89
2010,3,7,21,116,-10,-1,1036,cv,1.78
2010,3,7,22,114,-10,-1,1036,cv,2.67
2010,3,7,23,70,-11,-3,1037,cv,3.56
2010,3,8,0,76,-5,-4,1038,SE,1.79
2010,3,8,1,68,-5,-4,1038,SE,3.58
2010,3,8,2,74,-5,-4,1038,SE,5.37
2010,3,8,3,75,-5,-4,1038,SE,7.16
2010,3,8,4,63,-5,-4,1038,SE,10.29
2010,3,8,5,73,-5,-4,1038,SE,12.08
2010,3,8,6,61,-5,-4,1038,SE,13.87
2010,3,8,7,63,-5,-4,1038,SE,15.66
2010,3,8,8,65,-6,-5,1040,SE,18.79
2010,3,8,9,43,-7,-5,1040,SE,22.81
2010,3,8,10,29,-6,-4,1041,SE,24.6
2010,3,8,11,28,-6,-3,1041,SE,26.39
2010,3,8,12,26,-6,-2,1041,SE,28.18
2010,3,8,13,29,-6,-2,1040,cv,0.45
2010,3,8,14,32,-8,-2,1039,cv,1.34
2010,3,8,15,33,-7,-2,1039,cv,2.23
2010,3,8,16,43,-7,-2,1039,NW,1.79
2010,3,8,17,50,-7,-2,1039,NW,4.92
2010,3,8,18,56,-8,-3,1039,NW,8.05
2010,3,8,19,63,-8,-2,1040,NW,12.97
2010,3,8,20,47,-8,-3,1041,NW,17.89
2010,3,8,21,27,-10,-3,1041,NW,25.04
2010,3,8,22,20,-12,-4,1042,NW,33.09
2010,3,8,23,16,-13,-4,1042,NW,40.24
2010,3,9,0,5,-15,-5,1042,NW,46.05
2010,3,9,1,7,-16,-5,1042,NW,53.2
2010,3,9,2,8,-17,-6,1042,NW,60.35
2010,3,9,3,10,-18,-6,1041,NW,67.5
2010,3,9,4,13,-19,-7,1040,NW,73.31
2010,3,9,5,11,-19,-7,1040,NW,80.46
2010,3,9,6,13,-20,-8,1039,NW,84.48
2010,3,9,7,20,-18,-8,1039,NW,88.5
2010,3,9,8,18,-18,-6,1039,NW,92.52
2010,3,9,9,18,-19,-5,1039,NW,98.33
2010,3,9,10,14,-18,-4,1038,NW,105.48
2010,3,9,11,20,-17,-3,1037,NW,112.63
2010,3,9,12,19,-15,-2,1035,NW,119.78
2010,3,9,13,20,-16,-1,1034,NW,127.83
2010,3,9,14,20,-19,0,1032,NW,136.77
2010,3,9,15,23,-20,1,1031,NW,145.71
2010,3,9,16,21,-23,1,1031,NW,154.65
2010,3,9,17,14,-22,1,1030,NW,164.48
2010,3,9,18,16,-20,0,1030,NW,170.29
2010,3,9,19,16,-18,0,1030,NW,175.21
2010,3,9,20,26,-17,-2,1030,NW,179.23
2010,3,9,21,22,-18,-2,1030,cv,0.89
2010,3,9,22,27,-13,-5,1029,cv,1.78
2010,3,9,23,51,-16,-2,1029,SE,1.79
2010,3,10,0,46,-11,-5,1028,SE,2.68
2010,3,10,1,51,-13,-6,1027,NW,1.79
2010,3,10,2,48,-12,-6,1027,NW,2.68
2010,3,10,3,61,-13,-7,1026,NW,3.57
2010,3,10,4,58,-14,-8,1026,NW,5.36
2010,3,10,5,85,-14,-7,1025,NW,7.15
2010,3,10,6,84,-14,-9,1025,NW,10.28
2010,3,10,7,87,-13,-8,1025,cv,0.89
2010,3,10,8,111,-11,-4,1025,cv,1.78
2010,3,10,9,105,-13,-1,1025,cv,2.67
2010,3,10,10,70,-15,2,1024,NW,3.13
2010,3,10,11,53,-16,5,1023,NW,6.26
2010,3,10,12,48,-16,7,1021,cv,3.13
2010,3,10,13,44,-18,8,1020,SE,3.13
2010,3,10,14,33,-19,9,1018,SE,7.15
2010,3,10,15,37,-19,9,1017,SE,10.28
2010,3,10,16,40,-15,8,1016,SE,14.3
2010,3,10,17,34,-15,8,1016,SE,17.43
2010,3,10,18,32,-14,6,1016,SE,21.45
2010,3,10,19,33,-12,5,1016,SE,24.58
2010,3,10,20,51,-11,3,1017,SE,27.71
2010,3,10,21,62,-10,2,1017,SE,29.5
2010,3,10,22,68,-11,4,1017,SE,32.63
2010,3,10,23,89,-10,3,1016,SE,35.76
2010,3,11,0,101,-8,-1,1015,cv,0.89
2010,3,11,1,106,-8,-1,1014,SE,0.89
2010,3,11,2,144,-8,-4,1014,cv,0.45
2010,3,11,3,142,-8,-4,1014,NW,1.79
2010,3,11,4,140,-7,-3,1012,cv,0.89
2010,3,11,5,158,-8,-4,1013,NW,1.79
2010,3,11,6,135,-7,-4,1013,cv,0.89
2010,3,11,7,145,-7,-4,1012,cv,1.78
2010,3,11,8,161,-6,-1,1013,cv,2.67
2010,3,11,9,183,-9,1,1013,SE,0.89
2010,3,11,10,199,-10,3,1012,cv,0.89
2010,3,11,11,224,-10,5,1011,SE,3.13
2010,3,11,12,193,-10,6,1010,SE,6.26
2010,3,11,13,167,-10,7,1009,SE,9.39
2010,3,11,14,162,-9,8,1007,SE,12.52
2010,3,11,15,163,-9,8,1005,SE,16.54
2010,3,11,16,163,-8,9,1005,cv,1.79
2010,3,11,17,154,-9,8,1005,cv,2.68
2010,3,11,18,189,-6,6,1004,SE,1.79
2010,3,11,19,210,-6,5,1005,NW,4.02
2010,3,11,20,222,-6,4,1005,NW,5.81
2010,3,11,21,216,-6,3,1005,NW,7.6
2010,3,11,22,219,-6,4,1005,NW,10.73
2010,3,11,23,223,-6,2,1005,NW,11.62
2010,3,12,0,213,-6,5,1006,NW,16.54
2010,3,12,1,314,-9,10,1007,NW,31.74
2010,3,12,2,59,-10,8,1009,NW,39.79
2010,3,12,3,38,-10,6,1011,NW,47.84
2010,3,12,4,29,-13,5,1012,NW,57.67
2010,3,12,5,27,-13,4,1013,NW,64.82
2010,3,12,6,20,-13,3,1015,NW,73.76
2010,3,12,7,18,-14,3,1016,NW,82.7
2010,3,12,8,19,-15,4,1018,NW,88.51
2010,3,12,9,14,-16,5,1019,NE,3.13
2010,3,12,10,19,-18,6,1020,NW,8.05
2010,3,12,11,23,-20,7,1020,NW,12.97
2010,3,12,12,14,-20,8,1020,NW,20.12
2010,3,12,13,12,-18,9,1019,NW,25.93
2010,3,12,14,12,-19,9,1019,NW,30.85
2010,3,12,15,16,-18,9,1019,NE,3.13
2010,3,12,16,16,-19,8,1019,SE,3.13
2010,3,12,17,17,-18,8,1020,NE,3.13
2010,3,12,18,19,-19,7,1020,SE,1.79
2010,3,12,19,32,-17,4,1021,SE,2.68
2010,3,12,20,53,-13,2,1023,cv,0.89
2010,3,12,21,54,-8,0,1023,NE,0.89
2010,3,12,22,52,-12,2,1024,SE,4.02
2010,3,12,23,91,-5,1,1025,SE,8.04
2010,3,13,0,79,-5,0,1026,SE,12.06
2010,3,13,1,71,-6,0,1027,SE,16.08
2010,3,13,2,47,-7,-1,1026,SE,19.21
2010,3,13,3,40,-7,-1,1028,cv,0.89
2010,3,13,4,41,-7,0,1028,SE,3.13
2010,3,13,5,41,-8,0,1028,SE,6.26
2010,3,13,6,38,-10,0,1028,SE,8.05
2010,3,13,7,50,-10,-1,1028,cv,0.89
2010,3,13,8,69,-12,0,1029,SE,1.79
2010,3,13,9,82,-13,1,1029,SE,5.81
2010,3,13,10,79,-13,2,1029,SE,9.83
2010,3,13,11,76,-12,4,1029,SE,12.96
2010,3,13,12,78,-12,5,1028,SE,16.98
2010,3,13,13,71,-11,7,1027,SE,21
2010,3,13,14,73,-10,7,1025,SE,25.02
2010,3,13,15,68,-10,7,1024,SE,29.04
2010,3,13,16,58,-9,8,1024,SE,33.96
2010,3,13,17,61,-10,7,1023,SE,37.98
2010,3,13,18,58,-11,6,1024,SE,42
2010,3,13,19,75,-10,5,1024,SE,47.81
2010,3,13,20,78,-10,4,1024,SE,51.83
2010,3,13,21,64,-10,3,1025,SE,56.75
2010,3,13,22,53,-11,3,1025,SE,60.77
2010,3,13,23,41,-10,3,1025,cv,0.89
2010,3,14,0,37,-11,2,1025,SE,3.13
2010,3,14,1,44,-10,2,1025,SE,4.92
2010,3,14,2,65,-9,2,1024,SE,6.71
2010,3,14,3,68,-8,2,1023,cv,0.89
2010,3,14,4,75,-9,2,1023,SE,0.89
2010,3,14,5,80,-8,1,1023,cv,0.45
2010,3,14,6,80,-6,1,1023,NW,3.13
2010,3,14,7,105,-3,-1,1022,NW,6.26
2010,3,14,8,86,-2,-1,1022,NW,9.39
2010,3,14,9,93,-2,-1,1022,NW,11.18
2010,3,14,10,90,-2,-1,1021,NW,14.31
2010,3,14,11,73,-1,-1,1021,NW,16.1
2010,3,14,12,68,-1,0,1021,NW,20.12
2010,3,14,13,68,-1,0,1020,NW,23.25
2010,3,14,14,78,-1,0,1019,NW,26.38
2010,3,14,15,83,-1,0,1019,NW,28.17
2010,3,14,16,86,-1,0,1019,NW,29.96
2010,3,14,17,94,-1,0,1018,cv,0.45
2010,3,14,18,112,-1,0,1018,NE,0.89
2010,3,14,19,108,-2,-1,1018,NW,1.79
2010,3,14,20,116,-1,0,1019,NW,4.92
2010,3,14,21,105,-1,0,1019,NW,8.94
2010,3,14,22,112,-1,1,1019,NW,12.07
2010,3,14,23,87,-2,-1,1019,NW,13.86
2010,3,15,0,103,-1,0,1019,NW,17.88
2010,3,15,1,129,-1,0,1020,NW,21.01
2010,3,15,2,153,-2,2,1020,NW,26.82
2010,3,15,3,220,-3,1,1020,SE,1.79
2010,3,15,4,175,-8,2,1020,NW,4.02
2010,3,15,5,132,-10,2,1020,NW,11.17
2010,3,15,6,69,-13,1,1021,NW,16.98
2010,3,15,7,60,-12,0,1022,NW,22.79
2010,3,15,8,50,-13,1,1023,NW,26.81
2010,3,15,9,43,-13,1,1024,NW,33.96
2010,3,15,10,36,-11,1,1025,NW,41.11
2010,3,15,11,26,-12,2,1025,NW,50.05
2010,3,15,12,21,-12,2,1025,NW,62.12
2010,3,15,13,27,-11,2,1024,NW,73.3
2010,3,15,14,21,-10,3,1024,NW,83.13
2010,3,15,15,22,-11,3,1024,NW,94.31
2010,3,15,16,22,-11,4,1024,NW,106.38
2010,3,15,17,17,-11,4,1024,NW,116.21
2010,3,15,18,25,-11,3,1024,NW,124.26
2010,3,15,19,52,-12,3,1025,NW,129.18
2010,3,15,20,30,-11,1,1026,NW,132.31
2010,3,15,21,33,-13,2,1026,NW,134.1
2010,3,15,22,38,-11,-1,1026,NW,135.89
2010,3,15,23,44,-11,-1,1026,cv,0.89
2010,3,16,0,61,-10,-3,1026,NW,0.89
2010,3,16,1,63,-9,-3,1025,cv,0.89
2010,3,16,2,72,-9,-4,1025,cv,1.78
2010,3,16,3,67,-9,-4,1024,cv,2.67
2010,3,16,4,55,-9,-6,1023,SE,0.89
2010,3,16,5,50,-10,-7,1023,cv,0.89
2010,3,16,6,55,-10,-7,1023,cv,1.78
2010,3,16,7,71,-10,-7,1024,NE,0.89
2010,3,16,8,79,-9,-3,1024,NW,1.79
2010,3,16,9,72,-9,-1,1025,NW,3.58
2010,3,16,10,73,-12,1,1024,NW,6.71
2010,3,16,11,73,-15,2,1024,NW,8.5
2010,3,16,12,53,-13,4,1023,NE,1.79
2010,3,16,13,56,-13,5,1022,NE,3.58
2010,3,16,14,60,-14,6,1022,NE,5.37
2010,3,16,15,64,-13,6,1021,NW,1.79
2010,3,16,16,53,-14,7,1021,NW,3.58
2010,3,16,17,45,-12,7,1021,NW,6.71
2010,3,16,18,54,-11,4,1021,NW,8.5
2010,3,16,19,62,-10,3,1022,NW,11.63
2010,3,16,20,63,-7,2,1023,NW,14.76
2010,3,16,21,67,-9,2,1023,NE,1.79
2010,3,16,22,85,-11,4,1024,NW,3.13
2010,3,16,23,89,-11,4,1024,NE,3.13
2010,3,17,0,76,-9,3,1025,NW,3.13
2010,3,17,1,41,-7,2,1026,SE,1.79
2010,3,17,2,83,-7,1,1026,NE,1.79
2010,3,17,3,85,-11,2,1025,NE,6.71
2010,3,17,4,41,-11,2,1026,NE,9.84
2010,3,17,5,18,-12,2,1026,NE,13.86
2010,3,17,6,27,-13,1,1027,NE,19.67
2010,3,17,7,33,-15,1,1027,NE,26.82
2010,3,17,8,34,-15,1,1028,NE,33.97
2010,3,17,9,28,-16,2,1029,NE,39.78
2010,3,17,10,27,-15,3,1029,NE,44.7
2010,3,17,11,23,-15,5,1028,NE,49.62
2010,3,17,12,22,-14,5,1027,NE,54.54
2010,3,17,13,26,-17,6,1027,NE,58.56
2010,3,17,14,20,-17,6,1026,SE,3.13
2010,3,17,15,21,-17,7,1025,NE,3.13
2010,3,17,16,24,-18,7,1025,cv,1.79
2010,3,17,17,23,-17,7,1025,cv,2.68
2010,3,17,18,28,-14,5,1025,SE,0.89
2010,3,17,19,39,-12,3,1025,cv,0.89
2010,3,17,20,51,-12,2,1026,SE,0.89
2010,3,17,21,67,-11,1,1026,cv,0.45
2010,3,17,22,66,-7,-1,1026,NE,0.89
2010,3,17,23,76,-6,-1,1027,SE,4.92
2010,3,18,0,71,-5,-1,1027,SE,9.84
2010,3,18,1,89,-5,-2,1027,SE,13.86
2010,3,18,2,96,-5,-2,1026,SE,17.88
2010,3,18,3,91,-5,-2,1026,SE,19.67
2010,3,18,4,86,-5,-2,1025,cv,0.89
2010,3,18,5,83,-4,-2,1025,cv,1.78
2010,3,18,6,80,-4,-1,1025,cv,2.67
2010,3,18,7,90,-4,-1,1024,cv,3.56
2010,3,18,8,110,-4,-1,1024,SE,1.79
2010,3,18,9,135,-4,-1,1024,SE,3.58
2010,3,18,10,144,-3,0,1023,SE,5.37
2010,3,18,11,166,-3,1,1022,cv,0.89
2010,3,18,12,179,-3,2,1021,SE,1.79
2010,3,18,13,201,-3,3,1020,SE,3.58
2010,3,18,14,227,-2,4,1018,cv,0.89
2010,3,18,15,219,-2,3,1016,NW,3.13
2010,3,18,16,208,-2,2,1015,NE,3.13
2010,3,18,17,202,-3,2,1015,NW,4.02
2010,3,18,18,205,-2,2,1014,NW,5.81
2010,3,18,19,206,-2,2,1014,NW,7.6
2010,3,18,20,209,-3,2,1014,cv,0.89
2010,3,18,21,226,-2,2,1013,NE,0.89
2010,3,18,22,222,-2,2,1012,NE,1.78
2010,3,18,23,239,-2,2,1011,cv,0.89
2010,3,19,0,241,-1,2,1011,cv,1.78
2010,3,19,1,249,-1,3,1009,cv,2.67
2010,3,19,2,248,0,3,1008,cv,3.56
2010,3,19,3,247,2,3,1007,SE,1.79
2010,3,19,4,228,2,3,1006,cv,0.89
2010,3,19,5,225,2,3,1005,NW,0.89
2010,3,19,6,222,2,3,1005,NW,1.78
2010,3,19,7,221,2,2,1004,NW,3.57
2010,3,19,8,214,2,3,1004,NW,5.36
2010,3,19,9,217,2,3,1004,NW,8.49
2010,3,19,10,231,2,3,1003,NW,10.28
2010,3,19,11,249,3,4,1002,cv,0.89
2010,3,19,12,245,3,5,1002,NE,1.79
2010,3,19,13,250,3,5,1001,cv,0.89
2010,3,19,14,232,2,7,1001,cv,1.78
2010,3,19,15,243,2,7,1000,SE,1.79
2010,3,19,16,239,2,7,1001,cv,0.89
2010,3,19,17,234,2,7,1001,cv,1.78
2010,3,19,18,240,2,7,1001,cv,2.67
2010,3,19,19,224,2,6,1001,SE,1.79
2010,3,19,20,206,2,6,1002,SE,5.81
2010,3,19,21,217,2,5,1002,SE,8.94
2010,3,19,22,180,2,4,1002,cv,0.89
2010,3,19,23,180,2,4,1002,SE,1.79
2010,3,20,0,183,3,4,1002,cv,0.89
2010,3,20,1,180,3,5,1003,NE,1.79
2010,3,20,2,216,3,4,1001,SE,1.79
2010,3,20,3,215,3,4,1001,NW,1.79
2010,3,20,4,700,2,6,1000,NW,4.92
2010,3,20,5,600,2,5,999,SE,1.79
2010,3,20,6,500,-6,9,1001,NW,12.07
2010,3,20,7,473,-2,7,1002,NW,23.25
2010,3,20,8,201,-5,7,1003,NW,35.32
2010,3,20,9,274,-5,7,1004,NW,46.5
2010,3,20,10,381,-5,7,1006,NW,58.57
2010,3,20,11,343,-7,8,1008,NW,69.75
2010,3,20,12,156,-10,8,1010,NW,84.95
2010,3,20,13,64,-14,7,1012,NW,98.81
2010,3,20,14,51,-19,10,1012,NW,114.01
2010,3,20,15,47,-18,10,1012,NW,129.21
2010,3,20,16,37,-17,10,1013,NW,140.39
2010,3,20,17,26,-15,9,1014,NW,149.33
2010,3,20,18,22,-13,8,1015,NW,158.27
2010,3,20,19,19,-12,7,1016,NW,163.19
2010,3,20,20,23,-12,7,1016,NW,166.32
2010,3,20,21,21,-10,7,1017,NW,171.24
2010,3,20,22,27,-7,6,1017,NW,177.05
2010,3,20,23,41,-5,5,1017,NW,181.97
2010,3,21,0,46,-6,3,1017,NW,185.1
2010,3,21,1,55,-5,3,1017,cv,0.89
2010,3,21,2,46,-5,2,1018,cv,1.78
2010,3,21,3,60,-6,2,1017,SE,1.79
2010,3,21,4,47,-6,0,1016,SE,3.58
2010,3,21,5,50,-5,1,1016,SE,5.37
2010,3,21,6,51,-5,1,1017,cv,0.89
2010,3,21,7,41,-5,0,1017,cv,1.78
2010,3,21,8,48,-5,4,1017,SE,1.79
2010,3,21,9,50,-8,7,1017,SE,4.92
2010,3,21,10,55,-10,10,1016,SE,8.94
2010,3,21,11,56,-12,11,1016,SE,12.96
2010,3,21,12,52,-14,12,1013,SE,18.77
2010,3,21,13,49,-14,13,1012,cv,3.13
2010,3,21,14,53,-14,14,1011,SE,4.92
2010,3,21,15,73,-13,14,1010,SE,10.73
2010,3,21,16,82,-12,14,1010,SE,13.86
2010,3,21,17,90,-12,14,1009,SE,17.88
2010,3,21,18,106,-11,13,1009,SE,21.9
2010,3,21,19,113,-5,10,1010,SE,25.92
2010,3,21,20,121,-5,9,1010,SE,30.84
2010,3,21,21,116,-5,8,1011,SE,34.86
2010,3,21,22,111,-5,7,1012,SE,37.99
2010,3,21,23,83,-5,7,1012,cv,3.13
2010,3,22,0,85,-5,6,1012,SE,1.79
2010,3,22,1,87,-3,5,1011,NW,3.13
2010,3,22,2,90,-3,6,1011,NE,0.89
2010,3,22,3,90,-3,5,1011,cv,0.89
2010,3,22,4,100,-4,5,1010,cv,1.78
2010,3,22,5,95,-4,4,1010,NE,0.89
2010,3,22,6,96,-3,3,1010,SE,1.79
2010,3,22,7,102,-2,4,1011,SE,2.68
2010,3,22,8,112,-2,5,1012,cv,0.89
2010,3,22,9,315,-2,6,1012,NW,3.13
2010,3,22,10,784,-8,11,1013,NW,11.18
2010,3,22,11,761,-10,12,1013,NW,18.33
2010,3,22,12,204,-11,12,1013,NW,28.16
2010,3,22,13,122,-12,13,1014,NW,37.99
2010,3,22,14,158,-10,13,1014,NW,47.82
2010,3,22,15,226,-14,14,1014,NW,57.65
2010,3,22,16,128,-13,14,1015,NW,67.48
2010,3,22,17,49,-14,13,1015,NW,77.31
2010,3,22,18,47,-12,12,1016,NW,84.46
2010,3,22,19,27,-12,11,1018,NW,92.51
2010,3,22,20,25,-12,9,1019,NW,97.43
2010,3,22,21,27,-12,9,1020,NW,103.24
2010,3,22,22,18,-11,8,1021,NW,110.39
2010,3,22,23,25,-10,7,1022,NE,4.02
2010,3,23,0,28,-10,7,1022,NW,4.02
2010,3,23,1,16,-9,5,1022,NE,1.79
2010,3,23,2,24,-10,6,1022,NE,7.6
2010,3,23,3,24,-9,1,1021,NW,4.02
2010,3,23,4,25,-8,2,1022,cv,0.89
2010,3,23,5,46,-6,0,1022,NE,0.89
2010,3,23,6,54,-8,0,1022,NW,0.89
2010,3,23,7,60,-7,1,1023,cv,0.89
2010,3,23,8,86,-6,4,1023,NW,0.89
2010,3,23,9,58,-6,6,1024,SE,3.13
2010,3,23,10,63,-7,10,1024,SE,8.94
2010,3,23,11,59,-7,11,1023,SE,14.75
2010,3,23,12,59,-8,12,1022,SE,21.9
2010,3,23,13,54,-8,13,1021,SE,29.05
2010,3,23,14,53,-8,13,1019,SE,34.86
2010,3,23,15,55,-8,13,1018,SE,40.67
2010,3,23,16,60,-8,13,1018,SE,46.48
2010,3,23,17,55,-9,12,1018,SE,52.29
2010,3,23,18,64,-8,11,1018,SE,59.44
2010,3,23,19,64,-8,11,1019,SE,64.36
2010,3,23,20,55,-7,9,1020,SE,67.49
2010,3,23,21,57,-8,10,1020,SE,71.51
2010,3,23,22,63,-6,7,1020,SE,75.53
2010,3,23,23,69,-7,6,1020,SE,79.55
2010,3,24,0,70,-6,6,1020,SE,83.57
2010,3,24,1,72,-6,6,1020,SE,86.7
2010,3,24,2,71,-5,5,1019,SE,89.83
2010,3,24,3,73,-6,4,1020,NE,3.13
2010,3,24,4,71,-6,5,1020,SE,1.79
2010,3,24,5,70,-6,4,1020,NE,1.79
2010,3,24,6,68,-5,4,1021,NW,1.79
2010,3,24,7,63,-4,4,1022,NW,4.92
2010,3,24,8,67,-6,7,1022,NW,10.73
2010,3,24,9,76,-8,9,1022,NW,16.54
2010,3,24,10,65,-11,10,1023,NE,7.15
2010,3,24,11,44,-14,11,1023,NE,14.3
2010,3,24,12,36,-15,11,1022,NE,19.22
2010,3,24,13,29,-16,11,1022,NE,24.14
2010,3,24,14,20,-15,11,1021,SE,4.02
2010,3,24,15,53,-9,10,1022,SE,8.04
2010,3,24,16,92,-8,10,1021,SE,12.96
2010,3,24,17,134,-5,9,1022,SE,18.77
2010,3,24,18,97,-4,7,1023,SE,23.69
2010,3,24,19,64,-3,6,1024,SE,27.71
2010,3,24,20,52,-1,6,1026,NW,4.92
2010,3,24,21,63,1,3,1027,NE,3.13
2010,3,24,22,36,1,2,1027,SE,4.02
2010,3,24,23,22,0,1,1027,SE,7.15
2010,3,25,0,48,0,2,1027,SE,10.28
2010,3,25,1,52,0,1,1028,SE,14.3
2010,3,25,2,43,-1,1,1028,SE,16.09
2010,3,25,3,44,-2,1,1028,SE,17.88
2010,3,25,4,51,-2,1,1027,SE,19.67
2010,3,25,5,69,-2,1,1028,NW,1.79
2010,3,25,6,54,-2,1,1029,NW,5.81
2010,3,25,7,10,-13,1,1029,NW,12.96
2010,3,25,8,12,-16,3,1030,NW,21.01
2010,3,25,9,10,-15,4,1030,NW,28.16
2010,3,25,10,9,-17,5,1030,NW,37.99
2010,3,25,11,12,-20,6,1029,NW,46.93
2010,3,25,12,12,-20,7,1028,NW,51.85
2010,3,25,13,18,-20,6,1027,cv,1.79
2010,3,25,14,16,-19,8,1025,NW,4.02
2010,3,25,15,20,-19,8,1023,NW,9.83
2010,3,25,16,20,-18,9,1022,NW,13.85
2010,3,25,17,18,-16,8,1022,SE,3.13
2010,3,25,18,30,-14,7,1021,SE,4.92
2010,3,25,19,27,-12,6,1022,cv,0.89
2010,3,25,20,29,-10,5,1023,SE,1.79
2010,3,25,21,33,-10,6,1023,cv,0.89
2010,3,25,22,34,-10,5,1023,cv,1.78
2010,3,25,23,59,-6,3,1023,cv,2.67
2010,3,26,0,63,-7,2,1023,SE,0.89
2010,3,26,1,67,-6,1,1023,cv,0.89
2010,3,26,2,62,-9,1,1023,NW,3.13
2010,3,26,3,72,-11,-1,1022,cv,0.45
2010,3,26,4,48,-7,-1,1022,cv,0.9
2010,3,26,5,70,-9,-1,1022,SE,0.89
2010,3,26,6,57,-8,-2,1021,cv,0.89
2010,3,26,7,61,-6,-1,1021,SE,0.89
2010,3,26,8,38,-7,3,1021,cv,0.89
2010,3,26,9,44,-14,6,1021,cv,1.78
2010,3,26,10,37,-17,8,1021,SE,3.13
2010,3,26,11,43,-18,10,1020,SE,7.15
2010,3,26,12,50,-17,11,1019,SE,12.96
2010,3,26,13,64,-15,12,1018,SE,17.88
2010,3,26,14,64,-14,14,1016,SE,22.8
2010,3,26,15,72,-14,15,1015,SE,26.82
2010,3,26,16,70,-12,15,1014,SE,31.74
2010,3,26,17,65,-13,15,1014,SE,36.66
2010,3,26,18,72,-11,13,1014,SE,39.79
2010,3,26,19,84,-8,11,1015,cv,0.89
2010,3,26,20,85,-8,8,1016,NW,1.79
2010,3,26,21,98,-8,7,1018,NE,3.13
2010,3,26,22,142,-9,6,1019,NW,4.02
2010,3,26,23,97,-10,4,1019,NW,7.15
2010,3,27,0,106,-8,3,1020,NW,10.28
2010,3,27,1,89,-10,7,1020,NE,4.02
2010,3,27,2,61,-11,8,1021,NE,8.94
2010,3,27,3,46,-11,7,1023,NE,10.73
2010,3,27,4,127,-4,4,1024,SE,4.92
2010,3,27,5,134,-4,2,1025,SE,8.94
2010,3,27,6,99,-7,1,1025,SE,12.07
2010,3,27,7,85,-8,2,1026,SE,13.86
2010,3,27,8,75,-9,3,1027,SE,16.99
2010,3,27,9,79,-10,4,1028,SE,21.01
2010,3,27,10,81,-9,6,1028,SE,24.14
2010,3,27,11,74,-10,8,1028,SE,28.16
2010,3,27,12,62,-10,8,1027,SE,31.29
2010,3,27,13,71,-10,9,1027,SE,35.31
2010,3,27,14,58,-10,9,1026,SE,39.33
2010,3,27,15,48,-9,11,1025,cv,3.13
2010,3,27,16,50,-10,10,1024,SE,3.13
2010,3,27,17,54,-9,10,1024,SE,6.26
2010,3,27,18,61,-8,8,1025,SE,9.39
2010,3,27,19,59,-7,7,1025,SE,12.52
2010,3,27,20,62,-7,5,1026,SE,17.44
2010,3,27,21,54,-8,4,1027,SE,20.57
2010,3,27,22,57,-8,3,1027,SE,24.59
2010,3,27,23,44,-8,2,1028,SE,28.61
2010,3,28,0,41,-8,2,1028,SE,30.4
2010,3,28,1,48,-7,1,1028,SE,32.19
2010,3,28,2,44,-7,0,1028,SE,33.98
2010,3,28,3,56,-7,-1,1028,cv,0.89
2010,3,28,4,59,-7,-2,1028,SE,0.89
2010,3,28,5,67,-6,-2,1028,NE,0.89
2010,3,28,6,68,-6,-3,1028,SE,0.89
2010,3,28,7,99,-5,-1,1029,cv,0.45
2010,3,28,8,88,-6,2,1029,SE,1.79
2010,3,28,9,74,-6,4,1030,NW,1.79
2010,3,28,10,86,-6,5,1030,NW,3.58
2010,3,28,11,93,-7,6,1029,NW,5.37
2010,3,28,12,96,-7,10,1027,cv,1.79
2010,3,28,13,120,-6,13,1026,cv,4.92
2010,3,28,14,99,-6,15,1025,SE,4.02
2010,3,28,15,100,-6,16,1024,SE,8.94
2010,3,28,16,63,-9,16,1023,SE,13.86
2010,3,28,17,57,-11,16,1023,SE,18.78
2010,3,28,18,46,-9,14,1023,SE,22.8
2010,3,28,19,48,-8,10,1023,SE,25.93
2010,3,28,20,60,-9,12,1024,SE,30.85
2010,3,28,21,57,-8,9,1024,SE,32.64
2010,3,28,22,72,-8,8,1025,SE,34.43
2010,3,28,23,82,-7,7,1025,SE,35.32
2010,3,29,0,92,-4,6,1025,SE,37.11
2010,3,29,1,100,-6,6,1025,SE,38.9
2010,3,29,2,117,-6,5,1025,SE,40.69
2010,3,29,3,129,-5,5,1024,SE,42.48
2010,3,29,4,132,-4,3,1024,SE,43.37
2010,3,29,5,142,-4,2,1024,cv,0.89
2010,3,29,6,147,-4,3,1025,cv,1.78
2010,3,29,7,169,-3,3,1025,NE,0.89
2010,3,29,8,208,-1,7,1025,SE,1.79
2010,3,29,9,198,-2,9,1025,SE,4.92
2010,3,29,10,203,-2,11,1025,SE,8.05
2010,3,29,11,218,-3,11,1025,SE,11.18
2010,3,29,12,220,-4,12,1024,SE,14.31
2010,3,29,13,222,-3,12,1024,cv,0.89
2010,3,29,14,237,-1,11,1023,cv,1.78
2010,3,29,15,245,3,10,1022,SE,4.02
2010,3,29,16,260,5,9,1022,SE,5.81
2010,3,29,17,259,5,8,1021,cv,0.89
2010,3,29,18,275,5,8,1021,NE,0.89
2010,3,29,19,280,5,8,1021,SE,1.79
2010,3,29,20,296,6,8,1022,SE,3.58
2010,3,29,21,366,6,8,1022,SE,4.47
2010,3,29,22,317,6,8,1022,NE,0.89
2010,3,29,23,297,6,8,1022,cv,0.89
2010,3,30,0,288,6,7,1021,SE,0.89
2010,3,30,1,288,6,7,1020,SE,2.68
2010,3,30,2,254,6,7,1020,SE,4.47
2010,3,30,3,254,6,7,1019,SE,6.26
2010,3,30,4,248,6,7,1018,SE,8.05
2010,3,30,5,271,6,7,1018,SE,9.84
2010,3,30,6,279,6,8,1018,SE,11.63
2010,3,30,7,282,6,8,1018,SE,13.42
2010,3,30,8,253,6,8,1019,SE,14.31
2010,3,30,9,237,6,9,1018,SE,17.44
2010,3,30,10,233,6,10,1018,SE,20.57
2010,3,30,11,242,6,11,1018,SE,24.59
2010,3,30,12,245,6,10,1018,SE,26.38
2010,3,30,13,195,7,10,1017,SE,28.17
2010,3,30,14,187,7,10,1016,SE,29.06
2010,3,30,15,193,7,10,1016,cv,1.79
2010,3,30,16,201,7,9,1015,cv,2.68
2010,3,30,17,152,7,9,1014,NE,0.89
2010,3,30,18,136,7,9,1014,NE,1.78
2010,3,30,19,162,7,8,1015,cv,0.89
2010,3,30,20,172,7,8,1015,SE,0.89
2010,3,30,21,152,7,8,1015,SE,1.78
2010,3,30,22,135,7,8,1016,NE,0.89
2010,3,30,23,138,8,9,1015,NW,3.13
2010,3,31,0,126,7,8,1015,NW,4.92
2010,3,31,1,139,7,8,1015,cv,0.45
2010,3,31,2,113,6,7,1015,cv,1.34
2010,3,31,3,123,6,7,1014,cv,2.23
2010,3,31,4,117,6,7,1014,SE,0.89
2010,3,31,5,118,5,7,1014,cv,0.45
2010,3,31,6,123,5,7,1014,cv,1.34
2010,3,31,7,124,6,8,1014,NW,1.79
2010,3,31,8,129,5,9,1015,cv,0.89
2010,3,31,9,145,7,10,1015,cv,1.78
2010,3,31,10,152,7,12,1015,cv,2.67
2010,3,31,11,116,7,12,1014,SE,1.79
2010,3,31,12,101,7,13,1013,cv,0.89
2010,3,31,13,136,6,15,1013,SE,1.79
2010,3,31,14,172,6,16,1012,cv,0.89
2010,3,31,15,181,4,16,1012,cv,1.78
2010,3,31,16,178,1,17,1012,NW,4.92
2010,3,31,17,200,-5,16,1012,NW,12.07
2010,3,31,18,187,-7,15,1013,NW,19.22
2010,3,31,19,149,-7,14,1014,NW,26.37
2010,3,31,20,113,-8,12,1016,NW,33.52
2010,3,31,21,85,-8,11,1017,NW,39.33
2010,3,31,22,71,-10,10,1018,NW,46.48
2010,3,31,23,42,-13,10,1020,NW,53.63
2010,4,1,0,31,-14,9,1021,NW,63.46
2010,4,1,1,39,-14,8,1021,NW,73.29
2010,4,1,2,49,-14,7,1021,NW,81.34
2010,4,1,3,35,-13,5,1021,NW,85.36
2010,4,1,4,31,-16,6,1021,NW,89.38
2010,4,1,5,26,-18,6,1021,NW,92.51
2010,4,1,6,24,-18,5,1022,NW,95.64
2010,4,1,7,22,-19,6,1023,NW,99.66
2010,4,1,8,30,-19,7,1023,NW,104.58
2010,4,1,9,25,-20,9,1023,NW,111.73
2010,4,1,10,21,-18,10,1022,NW,120.67
2010,4,1,11,24,-18,11,1021,NW,128.72
2010,4,1,12,29,-17,12,1020,NW,135.87
2010,4,1,13,35,-17,12,1020,NW,147.94
2010,4,1,14,31,-18,12,1019,NW,159.12
2010,4,1,15,15,-18,12,1018,NW,171.19
2010,4,1,16,16,-17,12,1018,NW,183.26
2010,4,1,17,18,-18,11,1018,NW,193.09
2010,4,1,18,15,-19,11,1017,NW,201.14
2010,4,1,19,17,-19,10,1018,NW,208.29
2010,4,1,20,24,-17,9,1019,NW,211.42
2010,4,1,21,20,-17,9,1019,NW,213.21
2010,4,1,22,54,-11,4,1019,cv,0.89
2010,4,1,23,39,-11,5,1018,cv,1.78
2010,4,2,0,27,-7,2,1018,SE,0.89
2010,4,2,1,52,-8,3,1018,cv,0.45
2010,4,2,2,41,-9,4,1018,NW,0.89
2010,4,2,3,35,-12,4,1019,NW,4.02
2010,4,2,4,44,-10,2,1019,NW,7.15
2010,4,2,5,45,-12,3,1019,NW,10.28
2010,4,2,6,40,-15,4,1019,NW,13.41
2010,4,2,7,27,-14,5,1020,NW,17.43
2010,4,2,8,27,-16,7,1021,NW,23.24
2010,4,2,9,21,-18,7,1022,NW,35.31
2010,4,2,10,14,-18,8,1022,NW,44.25
2010,4,2,11,14,-19,9,1022,NW,53.19
2010,4,2,12,17,-21,9,1022,NW,62.13
2010,4,2,13,13,-20,11,1021,NW,69.28
2010,4,2,14,17,-20,11,1021,NW,76.43
2010,4,2,15,16,-20,12,1020,NW,83.58
2010,4,2,16,18,-22,12,1020,NW,92.52
2010,4,2,17,12,-22,11,1020,NW,101.46
2010,4,2,18,12,-21,11,1020,NW,108.61
2010,4,2,19,21,-19,7,1021,NW,110.4
2010,4,2,20,30,-12,5,1021,SE,0.89
2010,4,2,21,69,-10,4,1022,SE,1.78
2010,4,2,22,77,-11,3,1022,SE,3.57
2010,4,2,23,49,-10,3,1022,SE,5.36
2010,4,3,0,48,-8,0,1022,NW,1.79
2010,4,3,1,53,-9,0,1022,cv,0.89
2010,4,3,2,52,-7,-1,1022,cv,1.78
2010,4,3,3,53,-12,1,1022,cv,2.67
2010,4,3,4,58,-9,0,1022,cv,3.12
2010,4,3,5,56,-11,0,1022,cv,4.01
2010,4,3,6,60,-10,-1,1022,cv,4.46
2010,4,3,7,100,-7,0,1022,cv,5.35
2010,4,3,8,133,-9,4,1022,SE,1.79
2010,4,3,9,138,-9,8,1021,SE,4.92
2010,4,3,10,67,-11,10,1021,SE,8.05
2010,4,3,11,59,-11,11,1019,SE,12.07
2010,4,3,12,82,-12,13,1018,SE,16.99
2010,4,3,13,89,-11,13,1016,SE,21.91
2010,4,3,14,110,-8,13,1015,SE,25.93
2010,4,3,15,128,-7,15,1013,SE,29.06
2010,4,3,16,132,-5,16,1012,SE,33.98
2010,4,3,17,136,-4,15,1011,SE,38.9
2010,4,3,18,132,-4,13,1011,SE,42.03
2010,4,3,19,119,-4,12,1010,SE,45.16
2010,4,3,20,131,-4,13,1010,SE,49.18
2010,4,3,21,161,-2,12,1010,SE,53.2
2010,4,3,22,168,-2,12,1011,SE,57.22
2010,4,3,23,164,-2,11,1010,SE,62.14
2010,4,4,0,184,-1,10,1010,cv,0.89
2010,4,4,1,178,-1,9,1010,NE,1.79
2010,4,4,2,194,-1,7,1010,SE,0.89
2010,4,4,3,206,-1,8,1010,NE,0.89
2010,4,4,4,191,-1,7,1010,cv,0.89
2010,4,4,5,180,-1,6,1010,cv,1.78
2010,4,4,6,200,0,5,1010,NW,3.13
2010,4,4,7,170,0,7,1011,NW,4.92
2010,4,4,8,197,1,11,1011,NE,1.79
2010,4,4,9,184,0,13,1012,NE,4.92
2010,4,4,10,167,-3,16,1011,NE,8.94
2010,4,4,11,111,-8,17,1011,cv,1.79
2010,4,4,12,92,-8,19,1010,NW,4.02
2010,4,4,13,44,-11,20,1009,NW,7.15
2010,4,4,14,41,-13,21,1009,cv,1.79
2010,4,4,15,34,-11,21,1008,SE,1.79
2010,4,4,16,27,-11,22,1008,SE,3.58
2010,4,4,17,32,-13,21,1007,SE,6.71
2010,4,4,18,43,-10,20,1008,SE,10.73
2010,4,4,19,61,-11,16,1008,SE,14.75
2010,4,4,20,70,-8,14,1009,SE,16.54
2010,4,4,21,87,-7,15,1009,SE,19.67
2010,4,4,22,98,2,14,1010,SE,24.59
2010,4,4,23,173,2,13,1010,SE,28.61
2010,4,5,0,199,2,12,1010,SE,31.74
2010,4,5,1,177,1,11,1011,SE,34.87
2010,4,5,2,169,1,11,1011,SE,39.79
2010,4,5,3,187,0,10,1012,cv,0.89
2010,4,5,4,166,0,8,1011,cv,1.78
2010,4,5,5,161,0,9,1011,SE,1.79
2010,4,5,6,169,1,7,1012,SE,3.58
2010,4,5,7,180,1,7,1013,cv,0.89
2010,4,5,8,166,2,10,1013,cv,1.78
2010,4,5,9,185,1,13,1013,NW,1.79
2010,4,5,10,166,0,14,1013,cv,1.79
2010,4,5,11,171,0,15,1012,SE,1.79
2010,4,5,12,176,1,16,1012,SE,5.81
2010,4,5,13,186,1,16,1011,SE,10.73
2010,4,5,14,142,1,16,1011,SE,15.65
2010,4,5,15,121,2,15,1011,SE,20.57
2010,4,5,16,130,2,14,1012,SE,26.38
2010,4,5,17,132,2,13,1014,SE,29.51
2010,4,5,18,126,4,8,1016,NE,8.05
2010,4,5,19,47,4,8,1018,SE,3.13
2010,4,5,20,25,4,8,1020,NE,3.13
2010,4,5,21,23,4,8,1022,SE,3.13
2010,4,5,22,20,4,6,1023,cv,0.89
2010,4,5,23,18,3,7,1024,SE,1.79
2010,4,6,0,30,2,6,1024,cv,0.89
2010,4,6,1,14,-3,7,1024,NW,3.13
2010,4,6,2,12,-7,7,1025,NW,7.15
2010,4,6,3,18,-7,6,1025,NW,10.28
2010,4,6,4,19,-8,6,1026,NW,14.3
2010,4,6,5,33,-11,6,1026,NW,19.22
2010,4,6,6,26,-12,5,1027,NW,24.14
2010,4,6,7,24,-13,7,1027,NW,29.95
2010,4,6,8,28,-14,9,1028,NW,37.1
2010,4,6,9,27,-16,11,1028,NW,45.15
2010,4,6,10,19,-16,12,1028,NW,54.98
2010,4,6,11,16,-17,13,1027,NW,62.13
2010,4,6,12,15,-14,13,1026,cv,1.79
2010,4,6,13,16,-15,14,1025,NE,4.92
2010,4,6,14,16,-17,16,1024,NW,5.81
2010,4,6,15,15,-17,16,1024,NW,12.96
2010,4,6,16,17,-17,16,1023,NW,18.77
2010,4,6,17,12,-17,15,1024,NW,22.79
2010,4,6,18,15,-15,14,1023,NW,25.92
2010,4,6,19,17,-17,13,1024,cv,0.45
2010,4,6,20,23,-15,13,1025,NW,3.13
2010,4,6,21,19,-11,11,1025,NE,1.79
2010,4,6,22,24,-8,8,1025,cv,0.89
2010,4,6,23,34,-10,8,1025,cv,1.78
2010,4,7,0,52,-5,5,1025,NE,0.89
2010,4,7,1,55,-9,6,1025,cv,0.45
2010,4,7,2,69,-9,4,1024,cv,1.34
2010,4,7,3,87,-8,3,1024,NE,0.89
2010,4,7,4,102,-7,4,1024,cv,0.89
2010,4,7,5,79,-7,3,1024,NE,0.89
2010,4,7,6,75,-7,1,1024,NW,1.79
2010,4,7,7,68,-3,3,1025,NE,0.89
2010,4,7,8,78,-5,6,1025,cv,0.89
2010,4,7,9,101,-5,10,1024,SE,1.79
2010,4,7,10,114,-5,12,1024,cv,1.79
2010,4,7,11,135,-4,15,1022,SE,3.13
2010,4,7,12,140,-4,17,1021,SE,8.05
2010,4,7,13,118,-5,19,1019,SE,15.2
2010,4,7,14,108,-7,20,1018,SE,24.14
2010,4,7,15,103,-7,20,1017,SE,33.97
2010,4,7,16,94,-7,20,1015,SE,42.91
2010,4,7,17,90,-8,20,1014,SE,50.96
2010,4,7,18,87,-7,19,1014,SE,59.01
2010,4,7,19,80,-8,18,1014,SE,63.93
2010,4,7,20,84,-6,16,1014,SE,68.85
2010,4,7,21,96,-4,16,1015,SE,74.66
2010,4,7,22,110,-3,15,1015,SE,81.81
2010,4,7,23,104,-2,14,1015,SE,88.96
2010,4,8,0,97,-1,13,1014,SE,94.77
2010,4,8,1,84,-1,12,1013,SE,98.79
2010,4,8,2,74,-1,11,1012,SE,102.81
2010,4,8,3,74,-1,10,1012,SE,105.94
2010,4,8,4,67,-1,10,1011,SE,109.96
2010,4,8,5,69,-1,9,1011,SE,113.09
2010,4,8,6,69,0,8,1011,SE,116.22
2010,4,8,7,75,0,9,1011,SE,119.35
2010,4,8,8,78,1,10,1011,SE,123.37
2010,4,8,9,91,1,12,1010,SE,126.5
2010,4,8,10,107,1,13,1010,SE,129.63
2010,4,8,11,107,1,14,1009,SE,134.55
2010,4,8,12,127,1,17,1008,SE,138.57
2010,4,8,13,132,0,18,1007,SE,143.49
2010,4,8,14,128,1,19,1006,SE,148.41
2010,4,8,15,122,1,20,1005,SE,152.43
2010,4,8,16,113,1,21,1003,SE,159.58
2010,4,8,17,105,1,21,1003,SE,165.39
2010,4,8,18,127,1,20,1003,SE,168.52
2010,4,8,19,144,2,19,1003,SE,170.31
2010,4,8,20,158,3,17,1005,cv,0.89
2010,4,8,21,141,4,16,1006,NW,1.79
2010,4,8,22,124,4,15,1006,SE,1.79
2010,4,8,23,131,4,16,1008,cv,1.79
2010,4,9,0,150,3,15,1007,NE,3.13
2010,4,9,1,137,4,15,1008,NE,7.15
2010,4,9,2,128,3,15,1009,NE,10.28
2010,4,9,3,103,0,16,1009,NE,16.09
2010,4,9,4,60,2,14,1011,NW,4.92
2010,4,9,5,50,2,13,1011,NE,4.92
2010,4,9,6,63,1,13,1011,NE,10.73
2010,4,9,7,77,2,12,1011,NE,16.54
2010,4,9,8,62,0,13,1012,NE,22.35
2010,4,9,9,58,-1,14,1012,NE,26.37
2010,4,9,10,77,6,13,1013,SE,8.05
2010,4,9,11,131,3,11,1013,SE,15.2
2010,4,9,12,121,3,10,1012,SE,24.14
2010,4,9,13,81,3,10,1012,SE,29.06
2010,4,9,14,77,3,10,1011,SE,33.98
2010,4,9,15,67,3,9,1011,SE,38
2010,4,9,16,66,3,9,1011,SE,42.02
2010,4,9,17,60,2,8,1011,SE,45.15
2010,4,9,18,71,2,8,1011,SE,48.28
2010,4,9,19,94,2,8,1012,SE,50.07
2010,4,9,20,90,2,8,1013,NE,1.79
2010,4,9,21,85,2,8,1014,cv,0.89
2010,4,9,22,75,2,8,1015,NE,0.89
2010,4,9,23,79,2,8,1015,NW,0.89
2010,4,10,0,91,2,8,1016,NW,2.68
2010,4,10,1,89,3,7,1017,NW,5.81
2010,4,10,2,102,3,8,1017,NW,7.6
2010,4,10,3,49,0,8,1017,NW,11.62
2010,4,10,4,14,-8,8,1018,NE,5.81
2010,4,10,5,14,-10,7,1019,NE,10.73
2010,4,10,6,16,-10,7,1020,NE,15.65
2010,4,10,7,14,-11,7,1020,NE,21.46
2010,4,10,8,22,-12,8,1021,NE,26.38
2010,4,10,9,17,-11,10,1021,NW,3.13
2010,4,10,10,16,-13,11,1020,cv,1.79
2010,4,10,11,19,-13,13,1019,NW,4.02
2010,4,10,12,19,-13,13,1018,NW,5.81
2010,4,10,13,24,-13,14,1017,NW,7.6
2010,4,10,14,22,-13,16,1016,SE,3.13
2010,4,10,15,22,-13,16,1015,SE,7.15
2010,4,10,16,32,-13,15,1015,SE,14.3
2010,4,10,17,30,-14,15,1015,SE,20.11
2010,4,10,18,24,-14,14,1015,SE,25.92
2010,4,10,19,29,-8,12,1016,SE,30.84
2010,4,10,20,56,-4,11,1016,SE,37.99
2010,4,10,21,58,-5,10,1018,SE,46.04
2010,4,10,22,53,-6,8,1019,SE,51.85
2010,4,10,23,37,-6,8,1018,SE,55.87
2010,4,11,0,39,-5,7,1018,SE,59.89
2010,4,11,1,40,-4,7,1018,SE,63.91
2010,4,11,2,44,-3,6,1018,SE,67.93
2010,4,11,3,48,-3,6,1017,SE,71.06
2010,4,11,4,54,-3,6,1017,SE,75.98
2010,4,11,5,73,-2,6,1018,SE,79.11
2010,4,11,6,89,-1,6,1018,SE,82.24
2010,4,11,7,80,0,5,1018,SE,85.37
2010,4,11,8,84,1,5,1019,SE,89.39
2010,4,11,9,91,1,5,1019,SE,91.18
2010,4,11,10,68,2,5,1019,SE,92.97
2010,4,11,11,67,2,6,1019,SE,96.99
2010,4,11,12,75,1,5,1019,SE,100.12
2010,4,11,13,68,1,6,1017,SE,104.14
2010,4,11,14,63,1,7,1017,cv,0.89
2010,4,11,15,57,1,7,1016,cv,1.78
2010,4,11,16,50,1,8,1015,NW,1.79
2010,4,11,17,63,2,7,1015,NE,1.79
2010,4,11,18,81,2,7,1015,NE,3.58
2010,4,11,19,78,3,7,1015,NW,1.79
2010,4,11,20,79,2,7,1016,NW,3.58
2010,4,11,21,87,2,6,1015,NE,1.79
2010,4,11,22,86,2,7,1015,NW,1.79
2010,4,11,23,86,3,6,1015,NW,3.58
2010,4,12,0,87,2,6,1014,cv,0.45
2010,4,12,1,84,2,6,1014,cv,0.9
2010,4,12,2,86,3,7,1014,NW,1.79
2010,4,12,3,108,3,6,1015,NW,3.58
2010,4,12,4,116,4,7,1015,NW,5.37
2010,4,12,5,105,4,6,1014,NW,7.16
2010,4,12,6,95,4,6,1015,NW,8.95
2010,4,12,7,44,4,6,1016,NW,12.08
2010,4,12,8,33,3,7,1017,NW,17
2010,4,12,9,23,-2,7,1017,NW,21.02
2010,4,12,10,22,-3,8,1017,NW,29.07
2010,4,12,11,42,-8,8,1018,NW,34.88
2010,4,12,12,88,-13,8,1017,NW,44.71
2010,4,12,13,40,-15,11,1018,NW,57.67
2010,4,12,14,25,-12,9,1018,NW,70.63
2010,4,12,15,29,-14,9,1018,NW,84.49
2010,4,12,16,31,-16,10,1018,NW,98.35
2010,4,12,17,23,-15,9,1018,NW,109.53
2010,4,12,18,14,-12,8,1020,NW,118.47
2010,4,12,19,14,-13,6,1022,NW,128.3
2010,4,12,20,12,-13,6,1023,NW,136.35
2010,4,12,21,11,-14,5,1024,NW,143.5
2010,4,12,22,8,-14,5,1025,NW,150.65
2010,4,12,23,7,-14,4,1025,NW,156.46
2010,4,13,0,8,-14,4,1026,NW,162.27
2010,4,13,1,11,-13,4,1026,NW,170.32
2010,4,13,2,14,-13,3,1026,NW,175.24
2010,4,13,3,13,-14,3,1026,NW,180.16
2010,4,13,4,13,-14,2,1026,NW,183.29
2010,4,13,5,16,-15,2,1027,NW,187.31
2010,4,13,6,14,-15,2,1027,NW,190.44
2010,4,13,7,14,-14,4,1028,NW,194.46
2010,4,13,8,19,-17,6,1028,NW,199.38
2010,4,13,9,12,-20,7,1028,NW,209.21
2010,4,13,10,13,-21,8,1028,NW,218.15
2010,4,13,11,15,-22,9,1028,NW,229.33
2010,4,13,12,14,-22,10,1027,NW,239.16
2010,4,13,13,13,-22,10,1027,NW,251.23
2010,4,13,14,12,-20,11,1026,NW,262.41
2010,4,13,15,11,-20,11,1026,NW,272.24
2010,4,13,16,13,-19,11,1025,NW,280.29
2010,4,13,17,13,-19,10,1025,NW,285.21
2010,4,13,18,13,-18,9,1025,NW,288.34
2010,4,13,19,17,-16,8,1026,NE,1.79
2010,4,13,20,31,-11,5,1026,SE,1.79
2010,4,13,21,47,-11,4,1028,SE,3.58
2010,4,13,22,68,-15,6,1029,SE,5.37
2010,4,13,23,69,-16,4,1029,cv,0.89
2010,4,14,0,100,-8,1,1029,cv,1.78
2010,4,14,1,81,-12,1,1029,NW,1.79
2010,4,14,2,55,-7,0,1029,cv,0.89
2010,4,14,3,48,-8,1,1029,NE,0.89
2010,4,14,4,42,-7,1,1029,cv,0.89
2010,4,14,5,39,-11,2,1029,NW,0.89
2010,4,14,6,26,-8,1,1029,NW,2.68
2010,4,14,7,24,-7,3,1029,NW,4.47
2010,4,14,8,25,-10,5,1030,NE,3.13
2010,4,14,9,30,-10,6,1030,NE,4.92
2010,4,14,10,43,-16,8,1030,NE,6.71
2010,4,14,11,42,-16,9,1029,NE,8.5
2010,4,14,12,57,-17,11,1027,NW,1.79
2010,4,14,13,38,-18,12,1026,cv,1.79
2010,4,14,14,41,-17,13,1025,cv,3.58
2010,4,14,15,54,-17,12,1023,SE,3.13
2010,4,14,16,50,-16,13,1022,cv,3.13
2010,4,14,17,81,-10,13,1022,SE,4.92
2010,4,14,18,96,-6,12,1022,SE,9.84
2010,4,14,19,94,-4,11,1022,SE,15.65
2010,4,14,20,84,-3,10,1023,SE,22.8
2010,4,14,21,67,-3,10,1023,SE,28.61
2010,4,14,22,70,-2,9,1023,SE,34.42
2010,4,14,23,76,-1,8,1023,SE,39.34
2010,4,15,0,79,-1,7,1023,SE,47.39
2010,4,15,1,81,-1,6,1023,SE,53.2
2010,4,15,2,84,-1,6,1023,SE,59.01
2010,4,15,3,97,-1,5,1022,SE,63.03
2010,4,15,4,106,0,4,1022,SE,66.16
2010,4,15,5,121,0,4,1022,SE,69.29
2010,4,15,6,130,0,3,1022,SE,72.42
2010,4,15,7,142,1,4,1022,SE,76.44
2010,4,15,8,171,1,5,1022,SE,79.57
2010,4,15,9,196,1,6,1022,SE,82.7
2010,4,15,10,198,1,6,1022,SE,84.49
2010,4,15,11,206,1,6,1022,SE,87.62
2010,4,15,12,203,2,6,1021,SE,90.75
2010,4,15,13,204,1,7,1020,SE,93.88
2010,4,15,14,199,1,7,1020,SE,97.01
2010,4,15,15,193,1,8,1019,SE,98.8
2010,4,15,16,194,2,9,1018,cv,0.89
2010,4,15,17,202,1,9,1018,cv,1.78
2010,4,15,18,200,2,8,1018,NE,1.79
2010,4,15,19,206,1,7,1018,NW,1.79
2010,4,15,20,212,2,7,1019,NE,1.79
2010,4,15,21,220,1,6,1019,NE,2.68
2010,4,15,22,237,1,5,1019,NE,3.57
2010,4,15,23,225,1,5,1018,cv,0.89
2010,4,16,0,235,1,4,1018,cv,1.34
2010,4,16,1,239,0,3,1018,NW,1.79
2010,4,16,2,244,0,2,1017,NW,3.58
2010,4,16,3,255,0,3,1017,NW,5.37
2010,4,16,4,247,1,3,1017,NW,6.26
2010,4,16,5,253,1,3,1017,NW,7.15
2010,4,16,6,242,1,3,1017,NW,8.94
2010,4,16,7,244,2,4,1018,NW,9.83
2010,4,16,8,235,3,6,1018,NW,12.96
2010,4,16,9,249,3,7,1019,NW,16.09
2010,4,16,10,254,4,10,1019,NE,3.13
2010,4,16,11,266,4,11,1018,NE,6.26
2010,4,16,12,286,3,13,1018,SE,1.79
2010,4,16,13,289,3,14,1017,SE,5.81
2010,4,16,14,285,3,15,1017,SE,9.83
2010,4,16,15,215,3,15,1017,SE,13.85
2010,4,16,16,185,3,15,1016,SE,17.87
2010,4,16,17,151,3,15,1017,SE,21.89
2010,4,16,18,134,4,13,1017,SE,26.81
2010,4,16,19,143,5,11,1018,SE,32.62
2010,4,16,20,123,5,10,1020,SE,38.43
2010,4,16,21,102,5,9,1021,SE,42.45
2010,4,16,22,96,4,9,1022,SE,47.37
2010,4,16,23,92,5,8,1023,SE,52.29
2010,4,17,0,91,4,8,1023,SE,56.31
2010,4,17,1,107,4,7,1023,SE,59.44
2010,4,17,2,103,3,6,1023,SE,61.23
2010,4,17,3,129,3,6,1023,SE,63.02
2010,4,17,4,130,2,5,1023,SE,64.81
2010,4,17,5,116,2,5,1023,SE,66.6
2010,4,17,6,128,2,5,1024,SE,68.39
2010,4,17,7,152,2,5,1024,SE,71.52
2010,4,17,8,154,2,5,1024,SE,75.54
2010,4,17,9,151,2,6,1025,SE,78.67
2010,4,17,10,165,2,7,1024,SE,81.8
2010,4,17,11,149,2,9,1024,SE,84.93
2010,4,17,12,162,2,11,1023,SE,88.06
2010,4,17,13,170,3,11,1022,SE,91.19
2010,4,17,14,143,3,12,1021,SE,95.21
2010,4,17,15,144,4,12,1020,SE,98.34
2010,4,17,16,156,4,11,1019,SE,101.47
2010,4,17,17,161,5,11,1018,SE,103.26
2010,4,17,18,140,5,11,1018,SE,105.05
2010,4,17,19,134,5,11,1018,SE,108.18
2010,4,17,20,138,5,11,1018,SE,109.97
2010,4,17,21,184,5,11,1018,cv,0.89
2010,4,17,22,223,5,10,1018,NW,1.79
2010,4,17,23,212,5,10,1018,NW,3.58
2010,4,18,0,206,5,10,1018,cv,0.89
2010,4,18,1,212,6,10,1016,SE,1.79
2010,4,18,2,209,6,9,1016,NW,0.89
2010,4,18,3,198,7,9,1016,NW,2.68
2010,4,18,4,192,7,9,1015,NW,4.47
2010,4,18,5,184,6,8,1015,NW,6.26
2010,4,18,6,177,7,8,1014,NE,0.89
2010,4,18,7,183,7,9,1015,cv,0.45
2010,4,18,8,184,6,10,1015,cv,0.9
2010,4,18,9,195,6,11,1014,cv,1.79
2010,4,18,10,209,6,13,1014,NW,1.79
2010,4,18,11,200,6,14,1013,cv,1.79
2010,4,18,12,207,6,16,1012,cv,2.68
2010,4,18,13,215,6,18,1011,SE,1.79
2010,4,18,14,229,6,19,1011,cv,1.79
2010,4,18,15,248,6,19,1010,SE,3.13
2010,4,18,16,255,6,20,1009,SE,6.26
2010,4,18,17,268,6,20,1009,SE,9.39
2010,4,18,18,264,7,19,1010,SE,12.52
2010,4,18,19,257,7,17,1011,cv,0.45
2010,4,18,20,300,7,16,1011,SE,0.89
2010,4,18,21,309,7,14,1012,SE,2.68
2010,4,18,22,331,8,13,1012,SE,4.47
2010,4,18,23,351,8,14,1011,SE,6.26
2010,4,19,0,389,8,14,1011,SE,7.15
2010,4,19,1,385,8,14,1011,NE,0.89
2010,4,19,2,382,9,12,1011,NE,2.68
2010,4,19,3,382,9,14,1011,NW,1.79
2010,4,19,4,369,8,13,1011,NW,3.58
2010,4,19,5,343,8,13,1012,NW,5.37
2010,4,19,6,342,8,14,1012,NW,8.5
2010,4,19,7,324,8,14,1014,NW,10.29
2010,4,19,8,307,9,14,1014,NE,4.92
2010,4,19,9,272,8,14,1015,NE,10.73
2010,4,19,10,131,8,14,1015,NE,17.88
2010,4,19,11,36,6,15,1016,NE,23.69
2010,4,19,12,22,6,16,1015,NE,29.5
2010,4,19,13,17,6,17,1015,NE,33.52
2010,4,19,14,17,6,17,1014,NE,36.65
2010,4,19,15,27,8,18,1014,SE,4.02
2010,4,19,16,170,9,17,1014,SE,8.94
2010,4,19,17,175,9,16,1014,SE,14.75
2010,4,19,18,121,7,15,1015,SE,19.67
2010,4,19,19,198,9,13,1016,SE,23.69
2010,4,19,20,184,9,12,1017,SE,26.82
2010,4,19,21,167,9,12,1018,SE,29.95
2010,4,19,22,155,8,12,1018,SE,33.97
2010,4,19,23,152,8,11,1018,SE,35.76
2010,4,20,0,110,8,11,1018,SE,37.55
2010,4,20,1,94,8,10,1018,SE,38.44
2010,4,20,2,100,8,9,1019,cv,0.89
2010,4,20,3,100,7,9,1018,SE,1.79
2010,4,20,4,94,7,9,1018,SE,3.58
2010,4,20,5,87,7,8,1018,SE,4.47
2010,4,20,6,82,7,8,1019,SE,5.36
2010,4,20,7,83,8,10,1019,SE,8.49
2010,4,20,8,94,8,12,1020,cv,0.89
2010,4,20,9,92,8,13,1020,SE,1.79
2010,4,20,10,84,8,15,1020,cv,0.89
2010,4,20,11,69,7,16,1020,cv,2.68
2010,4,20,12,83,2,17,1019,cv,4.47
2010,4,20,13,90,2,19,1019,cv,6.26
2010,4,20,14,95,2,19,1018,SE,3.13
2010,4,20,15,73,1,19,1018,cv,1.79
2010,4,20,16,66,1,19,1017,cv,4.92
2010,4,20,17,77,1,18,1017,SE,4.02
2010,4,20,18,80,1,17,1019,SE,7.15
2010,4,20,19,76,0,16,1019,SE,10.28
2010,4,20,20,80,2,15,1020,cv,0.89
2010,4,20,21,71,-2,15,1021,SE,4.92
2010,4,20,22,55,-2,15,1022,SE,9.84
2010,4,20,23,53,-3,14,1022,SE,13.86
2010,4,21,0,48,-2,13,1022,SE,16.99
2010,4,21,1,52,0,12,1022,SE,17.88
2010,4,21,2,46,1,12,1022,SE,19.67
2010,4,21,3,38,1,12,1022,cv,0.89
2010,4,21,4,30,-1,12,1022,NW,0.89
2010,4,21,5,26,-2,12,1022,NW,4.91
2010,4,21,6,27,0,12,1023,NE,1.79
2010,4,21,7,47,2,12,1023,NW,4.02
2010,4,21,8,50,4,12,1023,NW,9.83
2010,4,21,9,51,4,12,1023,NW,16.98
2010,4,21,10,48,4,12,1024,NW,22.79
2010,4,21,11,51,6,11,1024,NW,28.6
2010,4,21,12,49,5,13,1023,NW,35.75
2010,4,21,13,51,3,13,1022,NW,42.9
2010,4,21,14,39,2,13,1022,NW,50.95
2010,4,21,15,23,2,13,1021,NE,4.92
2010,4,21,16,16,2,13,1021,NW,5.81
2010,4,21,17,26,2,13,1020,NW,11.62
2010,4,21,18,32,2,13,1021,NW,15.64
2010,4,21,19,35,2,12,1021,NE,1.79
2010,4,21,20,34,3,12,1022,NE,4.92
2010,4,21,21,46,3,11,1023,NE,8.05
2010,4,21,22,44,4,10,1023,NE,11.18
2010,4,21,23,41,6,9,1022,NE,14.31
2010,4,22,0,34,6,9,1022,NW,3.13
2010,4,22,1,31,6,9,1022,NE,1.79
2010,4,22,2,49,6,8,1022,NE,3.58
2010,4,22,3,37,6,8,1021,NW,3.13
2010,4,22,4,27,6,8,1021,NW,4.92
2010,4,22,5,37,6,8,1021,NW,8.05
2010,4,22,6,45,6,8,1021,NW,11.18
2010,4,22,7,44,6,8,1021,NW,14.31
2010,4,22,8,53,6,9,1021,NW,18.33
2010,4,22,9,48,6,9,1021,NW,21.46
2010,4,22,10,47,7,9,1021,NW,23.25
2010,4,22,11,46,6,10,1021,NW,25.04
2010,4,22,12,42,7,10,1021,NW,29.06
2010,4,22,13,40,6,10,1021,NW,33.08
2010,4,22,14,38,6,11,1020,NW,38
2010,4,22,15,30,5,10,1020,NW,42.92
2010,4,22,16,34,5,11,1020,cv,0.89
2010,4,22,17,35,4,12,1020,NW,3.13
2010,4,22,18,35,4,12,1020,NW,6.26
2010,4,22,19,26,4,11,1020,SE,3.13
2010,4,22,20,33,4,10,1021,SE,4.92
2010,4,22,21,47,4,11,1021,NW,3.13
2010,4,22,22,41,3,10,1022,NW,7.15
2010,4,22,23,47,3,6,1022,NW,10.28
2010,4,23,0,37,4,6,1022,cv,0.45
2010,4,23,1,41,3,5,1022,NW,0.89
2010,4,23,2,60,4,5,1021,cv,0.89
2010,4,23,3,62,2,3,1021,NW,3.13
2010,4,23,4,36,1,3,1021,NW,6.26
2010,4,23,5,31,2,4,1021,NW,8.05
2010,4,23,6,24,2,4,1021,NW,9.84
2010,4,23,7,65,4,7,1022,NW,11.63
2010,4,23,8,51,2,10,1023,NW,14.76
2010,4,23,9,41,-1,13,1023,NW,17.89
2010,4,23,10,39,-2,15,1022,cv,1.79
2010,4,23,11,31,-4,17,1022,NW,3.13
2010,4,23,12,19,-10,19,1021,NW,7.15
2010,4,23,13,19,-10,20,1020,cv,3.13
2010,4,23,14,18,-11,21,1019,NW,5.81
2010,4,23,15,10,-12,21,1018,NW,12.96
2010,4,23,16,16,-13,21,1018,NW,21.01
2010,4,23,17,23,-9,20,1018,NW,25.03
2010,4,23,18,21,-10,19,1018,NW,28.16
2010,4,23,19,20,-10,18,1018,NW,31.29
2010,4,23,20,23,-8,18,1019,SE,4.92
2010,4,23,21,32,-8,17,1019,SE,8.94
2010,4,23,22,39,-7,16,1020,SE,13.86
2010,4,23,23,38,-6,15,1019,SE,17.88
2010,4,24,0,45,-6,15,1019,SE,22.8
2010,4,24,1,53,-5,12,1019,SE,24.59
2010,4,24,2,56,-4,11,1018,SE,27.72
2010,4,24,3,54,-3,11,1018,SE,30.85
2010,4,24,4,65,-2,9,1018,SE,32.64
2010,4,24,5,73,-2,7,1019,SE,35.77
2010,4,24,6,70,0,8,1019,SE,37.56
2010,4,24,7,81,1,10,1019,cv,0.45
2010,4,24,8,90,0,13,1019,SE,1.79
2010,4,24,9,86,0,16,1019,SE,3.58
2010,4,24,10,107,-1,18,1019,SE,6.71
2010,4,24,11,122,2,20,1018,SE,11.63
2010,4,24,12,114,3,23,1017,SE,18.78
2010,4,24,13,111,3,24,1015,SE,26.83
2010,4,24,14,112,3,24,1015,SE,32.64
2010,4,24,15,111,3,23,1014,SE,40.69
2010,4,24,16,117,4,23,1013,SE,48.74
2010,4,24,17,103,4,23,1013,SE,54.55
2010,4,24,18,85,5,21,1013,SE,59.47
2010,4,24,19,79,5,20,1013,SE,62.6
2010,4,24,20,78,5,19,1013,SE,65.73
2010,4,24,21,83,5,19,1014,SE,70.65
2010,4,24,22,89,6,17,1014,SE,75.57
2010,4,24,23,93,6,17,1014,SE,81.38
2010,4,25,0,98,6,16,1015,SE,86.3
2010,4,25,1,93,6,14,1015,SE,90.32
2010,4,25,2,96,6,15,1015,SE,94.34
2010,4,25,3,92,6,14,1015,SE,98.36
2010,4,25,4,106,7,13,1015,SE,101.49
2010,4,25,5,98,6,12,1015,SE,104.62
2010,4,25,6,110,7,12,1015,SE,108.64
2010,4,25,7,129,7,13,1015,SE,111.77
2010,4,25,8,141,7,13,1015,SE,115.79
2010,4,25,9,140,7,14,1015,SE,119.81
2010,4,25,10,142,7,15,1015,SE,124.73
2010,4,25,11,134,7,18,1015,SE,131.88
2010,4,25,12,133,6,19,1014,SE,139.03
2010,4,25,13,128,5,20,1012,SE,146.18
2010,4,25,14,110,5,21,1012,SE,153.33
2010,4,25,15,120,6,20,1012,SE,159.14
2010,4,25,16,135,8,18,1012,NW,7.15
2010,4,25,17,22,7,11,1013,NW,16.98
2010,4,25,18,15,8,10,1014,NW,25.92
2010,4,25,19,19,8,10,1015,NW,29.94
2010,4,25,20,16,8,9,1015,cv,0.89
2010,4,25,21,9,7,9,1017,NW,4.92
2010,4,25,22,7,6,8,1017,NW,9.84
2010,4,25,23,7,4,8,1017,NW,14.76
2010,4,26,0,10,4,8,1017,NE,4.02
2010,4,26,1,8,3,7,1017,NW,3.13
2010,4,26,2,5,0,7,1016,NW,8.94
2010,4,26,3,9,-3,8,1016,NW,14.75
2010,4,26,4,20,-5,7,1016,NW,19.67
2010,4,26,5,8,-7,6,1016,NW,25.48
2010,4,26,6,7,-7,6,1016,NW,31.29
2010,4,26,7,6,-8,8,1015,NW,37.1
2010,4,26,8,16,-7,10,1015,NW,42.02
2010,4,26,9,10,-8,10,1015,NW,46.94
2010,4,26,10,11,-10,11,1014,NW,50.07
2010,4,26,11,11,-7,12,1013,cv,1.79
2010,4,26,12,18,-7,12,1011,SE,3.13
2010,4,26,13,26,-7,11,1011,SE,6.26
2010,4,26,14,25,-8,12,1010,SE,11.18
2010,4,26,15,20,-7,13,1010,SE,16.1
2010,4,26,16,24,-4,12,1011,SE,24.15
2010,4,26,17,15,-1,7,1012,NW,11.18
2010,4,26,18,10,-2,8,1011,NW,19.23
2010,4,26,19,10,-4,8,1012,NW,27.28
2010,4,26,20,14,-5,8,1012,NW,34.43
2010,4,26,21,11,-9,8,1013,NW,42.48
2010,4,26,22,11,-11,7,1013,NW,51.42
2010,4,26,23,16,-11,7,1013,NW,61.25
2010,4,27,0,13,-12,6,1013,NW,71.08
2010,4,27,1,16,-15,6,1012,NW,82.26
2010,4,27,2,15,-14,5,1011,NW,90.31
2010,4,27,3,17,-14,5,1011,NW,95.23
2010,4,27,4,18,-13,4,1011,NW,98.36
2010,4,27,5,22,-12,3,1010,NW,100.15
2010,4,27,6,19,-13,4,1010,NW,104.17
2010,4,27,7,22,-12,6,1010,NW,109.98
2010,4,27,8,27,-12,7,1010,NW,114.9
2010,4,27,9,31,-11,8,1009,NW,119.82
2010,4,27,10,42,-9,10,1009,NW,123.84
2010,4,27,11,46,-9,11,1008,NW,129.65
2010,4,27,12,50,-8,12,1008,NW,136.8
2010,4,27,13,45,-8,12,1007,NW,140.82
2010,4,27,14,47,-6,13,1006,NW,146.63
2010,4,27,15,30,-7,13,1007,NW,155.57
2010,4,27,16,31,-9,13,1006,NW,164.51
2010,4,27,17,16,-9,12,1007,NW,172.56
2010,4,27,18,14,-11,12,1007,NW,180.61
2010,4,27,19,17,-12,11,1008,NW,187.76
2010,4,27,20,15,-10,10,1010,NW,193.57
2010,4,27,21,14,-10,9,1011,NW,199.38
2010,4,27,22,14,-10,9,1011,NW,204.3
2010,4,27,23,11,-11,8,1011,NW,211.45
2010,4,28,0,24,-11,8,1012,NW,217.26
2010,4,28,1,27,-8,7,1012,NW,225.31
2010,4,28,2,15,-6,6,1011,NW,231.12
2010,4,28,3,13,-8,6,1011,NW,239.17
2010,4,28,4,11,-10,6,1011,NW,246.32
2010,4,28,5,11,-10,6,1011,NW,254.37
2010,4,28,6,13,-10,6,1012,NW,259.29
2010,4,28,7,13,-11,7,1013,NW,266.44
2010,4,28,8,14,-11,9,1014,NW,273.59
2010,4,28,9,15,-11,10,1014,NW,281.64
2010,4,28,10,14,-11,11,1014,NW,292.82
2010,4,28,11,19,-11,13,1014,NW,304
2010,4,28,12,14,-11,13,1014,NW,315.18
2010,4,28,13,13,-10,14,1013,NW,328.14
2010,4,28,14,15,-11,15,1012,NW,342
2010,4,28,15,11,-11,15,1012,NW,355.86
2010,4,28,16,20,-10,15,1012,NW,368.82
2010,4,28,17,16,-10,14,1012,NW,380
2010,4,28,18,14,-10,14,1012,NW,389.83
2010,4,28,19,17,-10,13,1012,NW,398.77
2010,4,28,20,16,-8,12,1013,NW,410.84
2010,4,28,21,15,-7,11,1014,NW,417.99
2010,4,28,22,38,-7,11,1014,NW,426.04
2010,4,28,23,15,-7,10,1013,NW,431.85
2010,4,29,0,18,-7,10,1013,NW,434.98
2010,4,29,1,16,-4,7,1012,SE,1.79
2010,4,29,2,19,-5,7,1012,NW,1.79
2010,4,29,3,18,-7,9,1012,cv,0.89
2010,4,29,4,20,-6,9,1012,NW,4.92
2010,4,29,5,19,-7,10,1012,NW,9.84
2010,4,29,6,17,-6,9,1012,NW,12.97
2010,4,29,7,21,-6,11,1013,NW,20.12
2010,4,29,8,20,-6,13,1013,NW,28.17
2010,4,29,9,19,-6,14,1013,NW,38
2010,4,29,10,17,-8,15,1013,NW,47.83
2010,4,29,11,16,-8,17,1013,NW,57.66
2010,4,29,12,15,-9,17,1013,NW,67.49
2010,4,29,13,17,-9,19,1013,NW,79.56
2010,4,29,14,22,-9,19,1012,NW,93.42
2010,4,29,15,19,-9,19,1012,NW,107.28
2010,4,29,16,17,-8,19,1012,NW,117.11
2010,4,29,17,18,-8,19,1013,NW,128.29
2010,4,29,18,27,-9,18,1013,NW,139.47
2010,4,29,19,22,-7,17,1014,NW,147.52
2010,4,29,20,18,-6,16,1015,NW,153.33
2010,4,29,21,19,-5,15,1016,NW,156.46
2010,4,29,22,15,-4,14,1017,NW,161.38
2010,4,29,23,19,-3,14,1017,NW,166.3
2010,4,30,0,27,-3,14,1017,NW,171.22
2010,4,30,1,21,-4,13,1017,NW,174.35
2010,4,30,2,24,-4,12,1017,NW,178.37
2010,4,30,3,32,-5,12,1017,NW,182.39
2010,4,30,4,40,-5,12,1017,NW,187.31
2010,4,30,5,36,-5,11,1016,NW,191.33
2010,4,30,6,20,-5,12,1017,NW,196.25
2010,4,30,7,32,-6,14,1017,NW,201.17
2010,4,30,8,28,-6,16,1017,NW,206.09
2010,4,30,9,21,-8,18,1017,NW,211.9
2010,4,30,10,20,-8,19,1017,NW,216.82
2010,4,30,11,19,-8,21,1016,NW,221.74
2010,4,30,12,19,-10,22,1015,NW,227.55
2010,4,30,13,16,-8,23,1014,NW,234.7
2010,4,30,14,20,-7,24,1012,NW,241.85
2010,4,30,15,15,-6,25,1011,NW,249.9
2010,4,30,16,20,-7,25,1010,NW,257.95
2010,4,30,17,20,-7,25,1010,NW,266
2010,4,30,18,23,-7,25,1009,SE,4.92
2010,4,30,19,37,-5,22,1009,SE,12.07
2010,4,30,20,34,-4,20,1009,SE,20.12
2010,4,30,21,39,-3,19,1010,SE,28.17
2010,4,30,22,45,-3,19,1010,SE,36.22
2010,4,30,23,54,-3,18,1010,SE,39.35
2010,5,1,0,62,-2,16,1010,cv,0.89
2010,5,1,1,70,0,13,1009,SE,0.89
2010,5,1,2,66,1,9,1009,cv,0.89
2010,5,1,3,70,1,8,1009,cv,1.78
2010,5,1,4,82,1,8,1009,NW,0.89
2010,5,1,5,97,2,8,1008,NW,1.78
2010,5,1,6,86,2,8,1009,NW,3.57
2010,5,1,7,94,2,13,1009,NW,5.36
2010,5,1,8,89,0,16,1009,cv,0.89
2010,5,1,9,90,0,19,1009,NW,1.79
2010,5,1,10,86,0,22,1009,NW,3.58
2010,5,1,11,70,-1,25,1008,cv,0.89
2010,5,1,12,79,-1,28,1007,cv,2.68
2010,5,1,13,80,-1,31,1005,SE,4.02
2010,5,1,14,69,0,31,1005,SE,9.83
2010,5,1,15,52,-1,32,1004,SE,15.64
2010,5,1,16,48,-2,32,1003,SE,22.79
2010,5,1,17,35,-3,31,1002,SE,29.94
2010,5,1,18,31,-2,29,1002,SE,37.09
2010,5,1,19,37,-2,27,1002,SE,42.9
2010,5,1,20,63,-2,26,1002,SE,48.71
2010,5,1,21,61,1,24,1003,SE,53.63
2010,5,1,22,74,2,22,1002,SE,57.65
2010,5,1,23,74,3,22,1002,SE,62.57
2010,5,2,0,75,3,21,1001,SE,66.59
2010,5,2,1,68,3,20,1001,SE,68.38
2010,5,2,2,77,4,18,1000,SE,71.51
2010,5,2,3,93,6,18,1001,SE,73.3
2010,5,2,4,102,7,17,1000,NE,1.79
2010,5,2,5,111,7,16,1000,cv,0.89
2010,5,2,6,127,9,16,1001,NE,0.89
2010,5,2,7,132,10,17,1002,NW,1.79
2010,5,2,8,146,10,19,1003,NE,1.79
2010,5,2,9,151,10,22,1003,NE,3.58
2010,5,2,10,142,8,25,1003,NW,3.13
2010,5,2,11,115,7,26,1003,NE,1.79
2010,5,2,12,59,-1,30,1002,cv,0.89
2010,5,2,13,63,-5,32,1002,SE,4.92
2010,5,2,14,65,-5,32,1002,NW,4.02
2010,5,2,15,57,-4,32,1001,NW,7.15
2010,5,2,16,55,-6,32,1001,NW,16.09
2010,5,2,17,45,-7,31,1002,NW,25.03
2010,5,2,18,39,-8,30,1002,NW,33.08
2010,5,2,19,32,-4,25,1003,NW,38
2010,5,2,20,32,-9,26,1004,NW,43.81
2010,5,2,21,31,-8,24,1005,SE,3.13
2010,5,2,22,32,-9,22,1006,cv,0.89
2010,5,2,23,24,-9,22,1006,NE,1.79
2010,5,3,0,36,-2,18,1006,cv,0.89
2010,5,3,1,56,0,14,1007,cv,1.78
2010,5,3,2,43,-1,15,1007,cv,2.23
2010,5,3,3,69,0,14,1007,cv,3.12
2010,5,3,4,45,3,13,1008,NW,1.79
2010,5,3,5,44,-2,13,1008,NW,3.58
2010,5,3,6,64,-2,15,1009,cv,0.45
2010,5,3,7,80,5,16,1010,NW,1.79
2010,5,3,8,53,-2,21,1010,NW,3.58
2010,5,3,9,102,3,23,1010,cv,0.89
2010,5,3,10,133,3,22,1010,SE,4.02
2010,5,3,11,151,4,23,1010,SE,7.15
2010,5,3,12,149,6,23,1009,SE,8.94
2010,5,3,13,141,6,23,1008,SE,12.07
2010,5,3,14,146,6,24,1007,SE,15.2
2010,5,3,15,150,6,23,1006,SE,18.33
2010,5,3,16,150,7,23,1005,NE,3.13
2010,5,3,17,151,7,23,1005,cv,0.89
2010,5,3,18,142,6,22,1006,NE,1.79
2010,5,3,19,138,5,23,1006,NW,4.02
2010,5,3,20,142,6,20,1007,NW,8.04
2010,5,3,21,142,4,21,1007,cv,0.89
2010,5,3,22,150,5,19,1005,SE,4.02
2010,5,3,23,160,5,21,1006,cv,1.79
2010,5,4,0,118,4,20,1006,SE,4.02
2010,5,4,1,114,7,18,1005,cv,0.89
2010,5,4,2,111,9,16,1005,SE,0.89
2010,5,4,3,113,10,15,1005,SE,4.02
2010,5,4,4,120,10,15,1005,cv,0.89
2010,5,4,5,129,9,14,1005,NW,0.89
2010,5,4,6,133,10,13,1005,SE,0.89
2010,5,4,7,118,10,16,1005,NW,1.79
2010,5,4,8,119,8,19,1005,cv,0.89
2010,5,4,9,118,8,20,1005,SE,1.79
2010,5,4,10,132,9,21,1005,SE,3.58
2010,5,4,11,128,8,23,1004,cv,1.79
2010,5,4,12,135,8,24,1002,cv,3.58
2010,5,4,13,123,11,25,1002,SE,4.02
2010,5,4,14,118,13,25,1001,SE,7.15
2010,5,4,15,104,15,25,1000,SE,11.17
2010,5,4,16,121,15,24,999,SE,16.98
2010,5,4,17,136,15,23,999,SE,21.9
2010,5,4,18,172,16,22,999,SE,26.82
2010,5,4,19,208,17,19,1000,SE,29.95
2010,5,4,20,228,18,19,999,SE,31.74
2010,5,4,21,201,17,19,1000,SE,35.76
2010,5,4,22,142,16,19,1000,SE,39.78
2010,5,4,23,154,16,18,1000,SE,44.7
2010,5,5,0,165,16,17,999,SE,49.62
2010,5,5,1,182,15,17,999,SE,53.64
2010,5,5,2,158,15,16,997,SE,57.66
2010,5,5,3,181,15,16,997,SE,59.45
2010,5,5,4,202,15,16,996,SE,63.47
2010,5,5,5,202,15,16,996,SE,65.26
2010,5,5,6,198,14,16,997,SE,67.05
2010,5,5,7,215,15,16,998,SE,68.84
2010,5,5,8,216,15,16,997,SE,71.97
2010,5,5,9,261,15,17,998,SE,73.76
2010,5,5,10,283,16,18,997,SE,76.89
2010,5,5,11,282,17,20,997,SE,78.68
2010,5,5,12,260,16,22,997,cv,3.13
2010,5,5,13,70,8,24,996,NW,12.07
2010,5,5,14,32,7,26,996,NW,21.9
2010,5,5,15,13,7,26,996,NW,33.08
2010,5,5,16,9,6,25,996,NW,46.94
2010,5,5,17,7,6,24,997,NW,59.01
2010,5,5,18,11,3,21,999,NW,71.08
2010,5,5,19,14,0,18,1000,NW,84.04
2010,5,5,20,14,0,17,1002,NW,97
2010,5,5,21,14,-1,17,1003,NW,113.09
2010,5,5,22,12,-1,16,1004,NW,124.27
2010,5,5,23,10,-1,15,1004,NW,134.1
2010,5,6,0,16,-1,15,1005,NW,143.04
2010,5,6,1,9,-1,15,1006,NW,151.98
2010,5,6,2,10,-1,13,1007,NW,153.77
2010,5,6,3,10,0,12,1007,NE,3.13
2010,5,6,4,11,0,12,1008,NW,4.02
2010,5,6,5,13,0,13,1008,NW,8.04
2010,5,6,6,12,1,13,1009,NW,11.17
2010,5,6,7,17,1,15,1009,NW,18.32
2010,5,6,8,15,0,17,1009,NW,25.47
2010,5,6,9,19,2,19,1009,NW,32.62
2010,5,6,10,20,2,21,1008,NW,39.77
2010,5,6,11,16,2,23,1007,NW,45.58
2010,5,6,12,20,1,25,1006,NW,52.73
2010,5,6,13,17,1,26,1005,NW,59.88
2010,5,6,14,14,-1,28,1005,NW,67.03
2010,5,6,15,18,-1,28,1004,NW,75.08
2010,5,6,16,16,0,28,1004,NW,80.89
2010,5,6,17,16,0,27,1003,NW,88.04
2010,5,6,18,18,-2,27,1003,NW,93.85
2010,5,6,19,25,-3,26,1004,NW,97.87
2010,5,6,20,32,2,24,1004,SE,4.92
2010,5,6,21,35,2,23,1005,SE,9.84
2010,5,6,22,35,2,22,1005,SE,13.86
2010,5,6,23,41,0,23,1004,SE,22.8
2010,5,7,0,48,2,21,1003,SE,26.82
2010,5,7,1,50,2,20,1004,SE,30.84
2010,5,7,2,52,4,18,1003,SE,33.97
2010,5,7,3,57,4,19,1003,SE,37.99
2010,5,7,4,64,6,17,1002,SE,41.12
2010,5,7,5,66,6,17,1002,cv,0.89
2010,5,7,6,73,8,15,1002,NE,1.79
2010,5,7,7,72,8,17,1003,cv,0.89
2010,5,7,8,81,8,19,1004,SE,1.79
2010,5,7,9,85,8,21,1004,SE,3.58
2010,5,7,10,87,10,23,1003,cv,1.79
2010,5,7,11,165,0,25,1003,NW,8.94
2010,5,7,12,219,-2,26,1003,NW,18.77
2010,5,7,13,228,0,27,1002,NW,26.82
2010,5,7,14,204,-3,28,1002,NW,38
2010,5,7,15,173,-1,27,1002,NW,47.83
2010,5,7,16,126,-1,28,1002,NW,57.66
2010,5,7,17,130,-2,28,1002,NW,66.6
2010,5,7,18,115,-2,27,1003,NW,73.75
2010,5,7,19,58,1,23,1004,NW,76.88
2010,5,7,20,45,0,20,1005,NW,78.67
2010,5,7,21,30,2,19,1006,NW,80.46
2010,5,7,22,38,0,19,1006,NW,85.38
2010,5,7,23,48,0,16,1007,NW,89.4
2010,5,8,0,50,-1,18,1007,NW,90.29
2010,5,8,1,71,5,14,1007,NE,1.79
2010,5,8,2,49,6,14,1007,cv,0.89
2010,5,8,3,67,6,13,1007,NE,1.79
2010,5,8,4,59,7,15,1008,SE,1.79
2010,5,8,5,78,7,13,1008,cv,0.89
2010,5,8,6,140,8,12,1009,cv,1.78
2010,5,8,7,159,9,16,1009,cv,2.67
2010,5,8,8,191,10,18,1009,NW,1.79
2010,5,8,9,201,9,20,1009,SE,1.79
2010,5,8,10,203,9,22,1009,SE,3.58
2010,5,8,11,202,7,24,1009,cv,1.79
2010,5,8,12,163,4,24,1008,SE,4.92
2010,5,8,13,135,6,25,1007,SE,9.84
2010,5,8,14,119,7,25,1006,SE,13.86
2010,5,8,15,107,8,25,1005,SE,17.88
2010,5,8,16,110,7,24,1004,SE,23.69
2010,5,8,17,114,7,23,1004,SE,28.61
2010,5,8,18,132,7,23,1004,SE,33.53
2010,5,8,19,150,6,22,1004,SE,38.45
2010,5,8,20,154,5,21,1005,SE,42.47
2010,5,8,21,148,5,20,1006,SE,45.6
2010,5,8,22,144,6,19,1005,SE,48.73
2010,5,8,23,133,6,19,1007,cv,0.89
2010,5,9,0,139,11,15,1007,NW,1.79
2010,5,9,1,129,12,15,1004,SE,1.79
2010,5,9,2,122,12,14,1004,NW,4.02
2010,5,9,3,120,12,15,1005,NW,8.94
2010,5,9,4,129,10,16,1005,NW,14.75
2010,5,9,5,294,6,16,1006,NW,19.67
2010,5,9,6,100,3,15,1007,NW,27.72
2010,5,9,7,55,0,15,1008,NW,35.77
2010,5,9,8,32,-1,15,1008,NW,47.84
2010,5,9,9,19,-1,16,1008,NW,59.02
2010,5,9,10,18,-1,17,1008,NW,67.96
2010,5,9,11,14,0,19,1008,NW,73.77
2010,5,9,12,20,-1,20,1007,NW,81.82
2010,5,9,13,27,-3,21,1007,NW,93
2010,5,9,14,31,-2,22,1007,NW,100.15
2010,5,9,15,39,2,20,1007,NE,5.81
2010,5,9,16,28,-3,21,1007,NW,5.81
2010,5,9,17,56,-9,21,1007,NW,16.99
2010,5,9,18,53,-9,20,1007,NW,24.14
2010,5,9,19,59,-9,19,1008,NW,32.19
2010,5,9,20,82,-7,18,1009,NW,37.11
2010,5,9,21,108,-4,16,1009,NW,38.9
2010,5,9,22,117,-2,15,1009,cv,0.89
2010,5,9,23,126,0,14,1008,SE,1.79
2010,5,10,0,132,-2,14,1008,SE,4.92
2010,5,10,1,125,-1,13,1007,SE,6.71
2010,5,10,2,96,0,12,1006,cv,0.89
2010,5,10,3,40,3,11,1006,SE,1.79
2010,5,10,4,46,5,10,1005,SE,3.58
2010,5,10,5,50,4,8,1005,cv,0.89
2010,5,10,6,58,6,8,1005,cv,1.78
2010,5,10,7,55,6,12,1004,NE,1.79
2010,5,10,8,50,6,15,1004,NE,3.58
2010,5,10,9,55,3,19,1004,cv,1.79
2010,5,10,10,45,-6,22,1003,NW,7.15
2010,5,10,11,43,-8,23,1003,NW,20.11
2010,5,10,12,63,-6,23,1003,NW,35.31
2010,5,10,13,62,-4,23,1004,NW,48.27
2010,5,10,14,58,-5,22,1004,NW,61.23
2010,5,10,15,28,-3,23,1004,NW,73.3
2010,5,10,16,32,-1,21,1005,NW,82.24
2010,5,10,17,21,-2,21,1006,NW,92.07
2010,5,10,18,15,-1,20,1007,NW,101.9
2010,5,10,19,15,-1,18,1008,NW,113.97
2010,5,10,20,8,-2,17,1009,NW,122.02
2010,5,10,21,20,-1,17,1010,NW,129.17
2010,5,10,22,11,-1,16,1011,NW,138.11
2010,5,10,23,11,0,16,1012,NW,146.16
2010,5,11,0,10,-1,15,1013,NW,154.21
2010,5,11,1,8,0,14,1013,NW,159.13
2010,5,11,2,7,-1,14,1013,NW,166.28
2010,5,11,3,5,0,14,1014,NW,172.09
2010,5,11,4,5,0,13,1014,NW,177.01
2010,5,11,5,5,0,10,1014,NW,180.14
2010,5,11,6,4,3,12,1015,NW,183.27
2010,5,11,7,6,2,15,1015,NW,186.4
2010,5,11,8,10,2,16,1016,NE,3.13
2010,5,11,9,13,1,18,1017,NW,3.13
2010,5,11,10,12,3,20,1016,NE,1.79
2010,5,11,11,12,2,21,1016,NW,4.92
2010,5,11,12,16,2,22,1015,NE,4.92
2010,5,11,13,16,2,22,1015,NE,9.84
2010,5,11,14,18,2,23,1014,NW,4.02
2010,5,11,15,16,3,23,1014,NE,4.02
2010,5,11,16,11,3,23,1013,SE,1.79
2010,5,11,17,20,3,23,1013,NE,3.13
2010,5,11,18,20,3,22,1013,SE,1.79
2010,5,11,19,19,3,21,1014,NE,1.79
2010,5,11,20,24,4,19,1015,NE,2.68
2010,5,11,21,39,4,20,1016,cv,0.89
2010,5,11,22,35,4,16,1017,SE,5.81
2010,5,11,23,54,4,15,1018,SE,10.73
2010,5,12,0,49,5,14,1019,SE,15.65
2010,5,12,1,43,6,14,1019,SE,17.44
2010,5,12,2,40,6,13,1019,SE,19.23
2010,5,12,3,37,6,12,1019,SE,22.36
2010,5,12,4,38,6,11,1019,cv,0.89
2010,5,12,5,33,6,10,1019,SE,0.89
2010,5,12,6,31,7,11,1020,SE,1.78
2010,5,12,7,55,7,15,1020,cv,0.45
2010,5,12,8,51,8,16,1020,SE,1.79
2010,5,12,9,55,8,17,1020,cv,0.89
2010,5,12,10,49,7,18,1020,SE,1.79
2010,5,12,11,42,6,20,1019,cv,1.79
2010,5,12,12,44,6,21,1018,SE,4.92
2010,5,12,13,44,5,22,1018,cv,1.79
2010,5,12,14,40,5,22,1016,SE,4.92
2010,5,12,15,43,6,24,1016,SE,8.05
2010,5,12,16,45,5,24,1015,SE,12.97
2010,5,12,17,41,5,23,1015,SE,17.89
2010,5,12,18,43,5,22,1015,SE,22.81
2010,5,12,19,38,4,21,1015,SE,26.83
2010,5,12,20,44,6,19,1016,SE,30.85
2010,5,12,21,43,6,18,1017,SE,34.87
2010,5,12,22,46,6,16,1017,SE,38
2010,5,12,23,54,6,15,1018,SE,41.13
2010,5,13,0,52,6,14,1018,SE,42.92
2010,5,13,1,54,5,13,1018,cv,0.89
2010,5,13,2,60,6,12,1018,SE,0.89
2010,5,13,3,69,5,12,1018,cv,0.89
2010,5,13,4,75,5,12,1018,SE,1.79
2010,5,13,5,73,5,12,1019,SE,4.92
2010,5,13,6,72,6,12,1019,cv,0.89
2010,5,13,7,78,6,14,1020,SE,1.79
2010,5,13,8,83,8,17,1020,SE,3.58
2010,5,13,9,83,7,19,1020,SE,5.37
2010,5,13,10,82,9,21,1019,cv,0.89
2010,5,13,11,74,6,22,1019,cv,2.68
2010,5,13,12,60,7,24,1018,cv,4.47
2010,5,13,13,43,5,25,1017,SE,4.92
2010,5,13,14,41,5,25,1016,SE,8.94
2010,5,13,15,57,6,25,1016,SE,12.96
2010,5,13,16,66,6,25,1015,SE,16.09
2010,5,13,17,68,7,24,1015,SE,19.22
2010,5,13,18,78,7,23,1015,SE,22.35
2010,5,13,19,83,7,22,1015,SE,25.48
2010,5,13,20,68,5,21,1016,SE,29.5
2010,5,13,21,64,5,20,1017,SE,33.52
2010,5,13,22,69,6,18,1017,SE,36.65
2010,5,13,23,64,7,17,1017,SE,39.78
2010,5,14,0,60,7,16,1017,SE,41.57
2010,5,14,1,65,7,15,1017,NE,1.79
2010,5,14,2,61,7,14,1017,cv,0.89
2010,5,14,3,83,6,15,1016,SE,1.79
2010,5,14,4,112,6,14,1016,SE,2.68
2010,5,14,5,99,6,14,1016,SE,5.81
2010,5,14,6,108,7,14,1016,SE,7.6
2010,5,14,7,123,8,16,1017,SE,9.39
2010,5,14,8,117,8,17,1017,SE,12.52
2010,5,14,9,130,9,19,1016,SE,14.31
2010,5,14,10,130,8,20,1016,SE,16.1
2010,5,14,11,138,9,20,1016,SE,19.23
2010,5,14,12,147,9,21,1015,SE,22.36
2010,5,14,13,157,10,22,1015,SE,24.15
2010,5,14,14,140,11,22,1014,SE,25.94
2010,5,14,15,140,10,22,1014,NW,1.79
2010,5,14,16,159,10,22,1013,SE,3.13
2010,5,14,17,158,10,21,1013,NW,3.13
2010,5,14,18,168,11,20,1013,NW,6.26
2010,5,14,19,173,11,19,1012,NE,1.79
2010,5,14,20,181,13,18,1013,NE,2.68
2010,5,14,21,193,13,17,1013,cv,0.89
2010,5,14,22,209,13,17,1014,NE,0.89
2010,5,14,23,216,14,17,1014,cv,0.89
2010,5,15,0,219,14,17,1014,NE,0.89
2010,5,15,1,224,14,17,1013,cv,0.89
2010,5,15,2,231,14,17,1013,NW,0.89
2010,5,15,3,237,13,15,1013,NW,2.68
2010,5,15,4,238,12,14,1013,NW,4.47
2010,5,15,5,235,12,14,1014,NW,6.26
2010,5,15,6,222,14,15,1014,NW,8.05
2010,5,15,7,221,14,16,1014,NW,9.84
2010,5,15,8,223,14,18,1014,NW,11.63
2010,5,15,9,203,13,20,1014,NW,13.42
2010,5,15,10,191,13,22,1014,NW,15.21
2010,5,15,11,185,13,24,1014,cv,0.89
2010,5,15,12,181,13,26,1013,cv,4.02
2010,5,15,13,162,13,27,1012,cv,4.91
2010,5,15,14,185,11,28,1011,SE,1.79
2010,5,15,15,188,11,28,1011,cv,0.89
2010,5,15,16,170,12,28,1010,SE,3.13
2010,5,15,17,142,11,27,1010,SE,7.15
2010,5,15,18,126,10,27,1010,SE,11.17
2010,5,15,19,117,10,24,1011,SE,14.3
2010,5,15,20,113,10,24,1012,SE,16.09
2010,5,15,21,122,11,23,1012,SE,17.88
2010,5,15,22,114,11,23,1013,SE,21.9
2010,5,15,23,113,11,21,1013,SE,25.92
2010,5,16,0,107,11,21,1014,SE,27.71
2010,5,16,1,105,11,20,1014,SE,30.84
2010,5,16,2,98,10,18,1014,SE,33.97
2010,5,16,3,115,11,18,1014,SE,35.76
2010,5,16,4,121,11,18,1014,SE,38.89
2010,5,16,5,144,11,17,1014,SE,42.02
2010,5,16,6,185,12,17,1015,SE,43.81
2010,5,16,7,182,12,18,1015,SE,47.83
2010,5,16,8,178,13,19,1015,SE,51.85
2010,5,16,9,185,13,20,1015,SE,54.98
2010,5,16,10,163,13,22,1015,SE,56.77
2010,5,16,11,145,13,22,1015,SE,58.56
2010,5,16,12,137,13,22,1014,SE,61.69
2010,5,16,13,136,12,22,1014,SE,65.71
2010,5,16,14,100,12,22,1013,SE,70.63
2010,5,16,15,81,13,21,1013,SE,73.76
2010,5,16,16,56,12,20,1013,SE,78.68
2010,5,16,17,33,12,19,1013,SE,82.7
2010,5,16,18,70,13,17,1013,SE,88.51
2010,5,16,19,87,14,16,1014,SE,90.3
2010,5,16,20,69,14,15,1014,SE,93.43
2010,5,16,21,47,14,15,1014,SE,95.22
2010,5,16,22,48,13,15,1014,SE,97.01
2010,5,16,23,47,14,15,1013,SE,98.8
2010,5,17,0,51,13,15,1013,SE,101.93
2010,5,17,1,49,13,14,1012,SE,103.72
2010,5,17,2,36,13,14,1012,cv,0.89
2010,5,17,3,44,13,14,1011,SE,1.79
2010,5,17,4,41,13,14,1011,SE,3.58
2010,5,17,5,50,13,14,1011,cv,0.89
2010,5,17,6,51,13,14,1011,cv,1.78
2010,5,17,7,48,13,14,1011,cv,2.67
2010,5,17,8,53,13,14,1011,SE,1.79
2010,5,17,9,77,13,15,1011,SE,3.58
2010,5,17,10,74,14,16,1011,SE,5.37
2010,5,17,11,82,14,17,1011,SE,7.16
2010,5,17,12,75,14,18,1010,SE,10.29
2010,5,17,13,76,14,19,1010,SE,13.42
2010,5,17,14,79,15,19,1009,SE,16.55
2010,5,17,15,84,14,20,1008,cv,1.79
2010,5,17,16,89,13,20,1007,SE,3.13
2010,5,17,17,82,13,19,1007,SE,4.92
2010,5,17,18,92,13,19,1008,cv,0.89
2010,5,17,19,90,13,18,1007,SE,3.13
2010,5,17,20,83,13,18,1008,SE,7.15
2010,5,17,21,96,13,17,1008,SE,10.28
2010,5,17,22,74,13,17,1008,SE,13.41
2010,5,17,23,84,13,16,1007,SE,18.33
2010,5,18,0,86,13,16,1006,SE,22.35
2010,5,18,1,86,13,16,1005,SE,25.48
2010,5,18,2,94,13,16,1005,SE,27.27
2010,5,18,3,105,13,16,1004,SE,29.06
2010,5,18,4,89,14,15,1004,NW,3.13
2010,5,18,5,79,12,15,1004,NW,10.28
2010,5,18,6,13,12,14,1005,NW,16.09
2010,5,18,7,12,11,14,1004,NW,21.9
2010,5,18,8,17,11,13,1004,NW,29.95
2010,5,18,9,13,12,16,1003,NW,33.97
2010,5,18,10,16,9,18,1003,NW,39.78
2010,5,18,11,37,9,19,1002,NW,45.59
2010,5,18,12,53,8,21,1001,NW,48.72
2010,5,18,13,72,6,23,1000,NW,59.9
2010,5,18,14,64,7,24,999,SE,7.15
2010,5,18,15,60,8,25,998,SE,12.07
2010,5,18,16,54,13,14,999,NW,5.81
2010,5,18,17,29,12,18,1000,SE,3.13
2010,5,18,18,41,13,19,1000,cv,0.89
2010,5,18,19,56,10,19,1000,SE,3.13
2010,5,18,20,33,6,20,1000,NW,7.15
2010,5,18,21,31,7,18,1001,NW,11.17
2010,5,18,22,41,7,15,1001,cv,1.79
2010,5,18,23,58,7,17,1001,NW,1.79
2010,5,19,0,49,9,13,1001,cv,0.89
2010,5,19,1,38,9,13,1001,cv,1.78
2010,5,19,2,41,9,14,1001,SE,3.13
2010,5,19,3,34,8,14,1001,SE,6.26
2010,5,19,4,27,9,11,1001,NE,1.79
2010,5,19,5,23,9,11,1001,cv,0.89
2010,5,19,6,34,10,13,1001,NW,0.89
2010,5,19,7,34,10,19,1001,cv,0.89
2010,5,19,8,43,10,21,1001,NW,1.79
2010,5,19,9,50,5,25,1001,SE,4.02
2010,5,19,10,47,6,27,1000,SE,8.94
2010,5,19,11,44,4,29,1000,NW,5.81
2010,5,19,12,36,3,30,999,SE,4.92
2010,5,19,13,29,0,32,998,NW,9.83
2010,5,19,14,27,1,33,998,NW,21.01
2010,5,19,15,30,0,33,998,NW,30.84
2010,5,19,16,30,-2,34,997,NW,39.78
2010,5,19,17,21,-2,33,997,NW,47.83
2010,5,19,18,19,-3,32,998,NW,54.98
2010,5,19,19,21,-2,31,999,NW,62.13
2010,5,19,20,28,-1,29,999,SE,4.02
2010,5,19,21,32,-2,28,1000,SE,8.04
2010,5,19,22,33,0,27,1001,NW,3.13
2010,5,19,23,44,0,26,1001,NW,6.26
2010,5,20,0,61,4,20,1002,SE,3.13
2010,5,20,1,65,7,19,1002,SE,4.92
2010,5,20,2,66,9,16,1003,cv,0.89
2010,5,20,3,89,8,13,1003,NW,1.79
2010,5,20,4,103,9,13,1004,cv,0.89
2010,5,20,5,113,9,13,1005,cv,1.78
2010,5,20,6,104,10,16,1005,cv,2.67
2010,5,20,7,103,9,21,1006,cv,3.56
2010,5,20,8,75,8,22,1006,NE,1.79
2010,5,20,9,65,7,25,1006,NW,1.79
2010,5,20,10,67,9,28,1006,cv,0.89
2010,5,20,11,53,9,30,1006,cv,2.68
2010,5,20,12,51,4,32,1005,SE,1.79
2010,5,20,13,58,5,33,1005,SE,5.81
2010,5,20,14,39,2,34,1005,SE,8.94
2010,5,20,15,36,0,35,1004,SE,13.86
2010,5,20,16,36,-2,35,1004,SE,19.67
2010,5,20,17,34,-1,34,1004,SE,25.48
2010,5,20,18,37,-1,32,1004,SE,29.5
2010,5,20,19,40,-1,30,1005,SE,33.52
2010,5,20,20,43,-1,30,1005,SE,36.65
2010,5,20,21,54,2,29,1006,SE,40.67
2010,5,20,22,68,5,25,1006,SE,43.8
2010,5,20,23,78,7,25,1006,SE,46.93
