"X1","X2","X3","X4","Y"
24.55,57.5,1015.36,62.45,447.3
14.53,39,1016.48,76.36,464.86
28.66,74.93,1014.04,51.26,440.79
13.42,NA,1011.63,99.32,461.36
14.95,39.31,1009.15,75.3,462.72
16.09,44.2,1019.39,67.24,460.56
25.74,65.38,1009.6,54.34,452.94
17.07,41.35,1005.88,83.43,464.6
28.81,64.96,1000.46,68.05,427.91
14.96,41.76,1024.07,73.17,463.26
21.43,63.94,1017.28,57.49,449.02
29.89,65.74,1012.95,51.36,438.24
NA,66.49,1012.21,53.86,441.92
14.85,45.01,1013.12,85.53,460.19
9.77,44.68,1023.37,91.4,477.56
9.66,40.05,1015.78,89.06,481.14
13.63,43.5,1022.12,84.32,468.28
24.97,68.61,1011,55.04,453.26
8.64,34.69,1026.79,80.88,482.15
15.27,39.54,1010.64,81.91,464.49
15.81,54.3,1017.8,68.45,461.63
27.31,65.12,1016.05,45.98,440.06
17.8,43.72,1008.71,78.5,458.92
31.94,69.98,1013.32,56.17,432.03
26.45,71.37,1008,77.06,438.36
13.98,NA,1022.72,71.83,474.46
31.25,73.5,NA,45.2,432.25
30.56,71.25,1000.3,70.55,431.92
21.38,58.33,1013.05,72.75,446.8
5.98,39.61,1017.27,84.86,482.17
16.96,46.36,1019.91,89.11,460.57
20.18,56.53,1020.3,77.1,454.14
28.44,69.4,1003.98,NA,433.44
29.78,69.71,1008.96,67.46,434.33
24.88,63.91,NA,77.75,447.28
32.51,69.98,1013.29,54.07,429.66
21.69,44.57,1005.84,71.53,447.88
28.55,72.43,1007.2,65.82,430.06
25.56,NA,1017.37,69.31,442.2
23.39,61.87,1010.35,48.91,444.03
30.71,68.24,1006.15,34.15,429.41
31.01,NA,1007.95,43.57,429.46
7.49,39.81,1018.2,85.96,483.71
27.26,66.56,1007.83,60.95,434.88
20.25,58.59,1012.99,65.98,452.18
34.18,67.9,1005.87,30.34,425.5
25.55,71.64,1009.09,79.35,439.37
9.56,44.71,1021.13,NA,487.92
29.1,70.4,1003.97,77.57,430.98
10.98,NA,1017.54,85.31,476.31
27.92,74.99,1005.47,75.13,431.76
17.85,45.64,1020.11,82.94,459.59
14.94,42.77,1018.9,73.95,462.67
4.27,39.64,1010.99,84.85,487.19
11.5,40.22,1010.31,78.08,476.46
18.77,49.39,1021.06,82.95,454.53
28.76,51.43,1011.88,49.79,449.98
19.32,52.9,1016.86,68.2,457.66
9.64,39.35,1015.1,91.76,479.81
13.52,42.34,1017.97,95.34,463.71
13.81,40.2,1013.66,88.16,464.23
21.76,47.93,1005.34,86.28,444.77
31.24,NA,1004.66,57.17,426.93
13.03,39.35,1015.34,79.18,474.02
8.9,41.4,1030.83,85.63,472.95
12.91,42.07,1018.4,86.5,466.05
12.15,38.78,1013.34,95.05,474.15
21.67,61.45,1010.84,92.19,443.82
13.8,45.08,1023.99,79.72,466.71
25.32,54.5,1015.5,68.17,451.52
9.55,40.72,1023.12,68.06,481.08
28.17,63.13,1012.44,66.61,439.94
23.18,51.3,1012.04,78.64,448.86
NA,69.84,1005.34,80.37,430.3
18.8,39.72,1001.24,63.8,459.36
26.94,59.87,1011.66,58.34,448.6
28.66,50.05,1006.08,47.74,435.94
15.07,40.69,1015.29,70.98,469.03
13.65,41.58,1020.56,72.17,460.8
24.42,NA,1011.46,55.92,443.94
27.51,49.3,1003.74,61.27,437.09
10.75,45,1023.68,89.37,481.96
21.37,65.94,1010.73,75.09,444.74
28.12,44.89,1009.18,47.14,441.13
11.56,40.71,1015.85,76.08,469.17
10.1,41.58,1021.26,94.06,468.19
32.43,68.31,1010.09,42.22,439.75
22.88,59.21,1011.51,86.93,440.25
27.85,NA,1008.48,77.15,429
10.58,41.49,1020.43,91.9,473.19
16.73,54.3,1017.96,59.44,460.54
27.34,71.29,1008.32,56.51,434.94
29.26,NA,1009.76,58.64,435.32
NA,40.69,1015.1,70.25,471.66
24.43,58.95,1017.18,57.73,441.4
20.21,65.06,1016.46,73.36,451.46
6.42,35.57,1025.58,79.63,485.86
32.66,73.68,1014.64,40.88,425.17
7.74,39.96,1025.78,95.81,475.23
9.28,41.54,1018.33,79.89,482.8
19.27,50.9,NA,NA,455.09
29.22,72.39,1000.87,77.39,430.24
22.63,58.41,1013.69,90.32,445.43
11.55,42.34,1020.78,94.56,469.13
26.75,70.32,1007.61,54.09,433.46
29.25,69.98,1010.74,57.42,430.45
18.26,49.64,1024.92,62.82,462.6
20.34,59.8,1015.18,80.21,453.54
9.87,41.82,1033.04,68.57,475.58
15.22,50.88,1014.19,100.12,460.44
24.59,60.37,1005.31,76.81,438.09
7.03,41.74,1021.92,86.44,486.91
32.31,68.94,1006.11,71.78,431.14
19.49,NA,1013.11,88.01,451.31
20.79,68.28,1001.42,76.77,445.83
14.85,40.8,1025.38,53.29,471.78
22.98,73.17,1011.94,90.13,438.5
22.44,58.16,1017.28,63.68,452.71
17.3,47.45,1010.29,87.13,448.79
27.17,67.17,1006.76,81.59,431.73
5.11,42.07,1004.28,81.8,486.41
30.39,71.8,1010.87,64.11,435.82
28.02,68.08,1013.44,44.46,434.95
25.45,70.04,1011.2,82.48,430.2
14.28,42.74,1028.79,70.67,467.22
21.9,66.54,1004.76,89.99,439.06
14.02,41.78,1011.26,48.62,465.87
15.86,40.66,1016.23,86.74,455.85
24.54,60.23,1011.55,72.78,445.25
28.4,69.34,1009.76,70.4,436.5
24.6,63.94,1012.87,80.28,439.63
11.62,41.54,NA,66.43,477.75
15.3,41.76,1022.57,71.56,466.59
19.13,42.18,1001.45,98.77,456.04
13.3,37.9,997.41,91.51,465.61
17.19,58.86,1016.74,85.97,451.87
18.87,67.71,1004,87.35,444.77
25.18,71.98,1006.71,89.86,432.88
13.8,40.2,1013.12,90.59,466.29
28.85,59.27,1011.69,51.8,440.3
20.77,43.77,1010.76,63.12,453.46
28.4,59.27,1012.03,59.75,441.64
NA,40.81,1015.54,83.16,481.02
12.85,40.35,1011.29,81.27,472.69
10.17,41.46,1019.34,83.04,480.13
10.77,41.54,1019.94,71.13,477.81
27.11,48.6,1002.78,53.39,439.4
28.87,72.58,1008.69,79.34,428.89
29.24,64.33,1011.49,65.08,440.12
24.93,47.01,1014.28,66.04,455.06
8.09,38.5,1012.99,67.31,484.81
26.25,66.56,1008.29,60.65,436.3
9.63,43.02,1012.4,68.41,480.21
8.81,44.68,1023.06,93.93,479.24
10.02,39.96,1024.88,96.85,473.22
18.48,46.48,1007.53,82.57,461.49
12.12,40,1018.72,84.42,462.1
9.31,43.56,1015.09,79.96,482.55
18.68,62.1,1019.78,83.67,453.25
10.68,38.38,1020.79,72.33,476.22
25.5,63.91,1009.4,75.22,444.26
13.07,38.47,1015.16,57.26,468.9
12.81,44.58,1016.49,80.76,475.5
7.44,41.04,1021.84,88.56,479.08
26.34,69.04,1009.44,72.06,444.13
7.73,37.8,1020.71,63.93,483.94
29.28,65.71,1013.76,48.05,445.49
7.94,42.02,1006.22,90.97,480.53
10.55,41.92,1030,91.23,470.95
16.34,47.45,1009.41,92.96,448.59
22.26,44.89,1009.51,78.93,447.07
7.04,41.74,1021.91,88.55,488.99
28.31,66.17,1009.75,72.66,444.51
10.28,41.46,1018.44,85.23,479.66
25.08,58.49,1011.1,64.47,446.9
24.32,NA,1016.8,65.61,442.78
18.49,41.1,1001.9,59.99,460.76
32.18,65.74,1010.89,46.52,435.58
23.85,52.3,1005.9,70.95,441.99
29.23,75.6,1017.72,52.26,438.92
25.42,67.25,1017.92,68.61,439.43
NA,71.43,1011.65,59.49,443.75
13.38,40.12,1013.92,96.96,468.15
15.12,41.04,1025.95,69.67,460.58
29.83,68.67,1005.33,71.15,434.28
31.35,70.8,1010.11,66.37,432.19
11.04,41.74,1022.6,77.51,477.2
25.27,67.07,1006.34,66.35,445.81
26.06,49.02,1007.59,74.08,437.9
26.02,70.79,1004.21,79.12,428.72
31.85,73.21,1000.98,72.2,435.94
24.91,NA,NA,69.06,437.03
24.96,65.18,1012.68,76.19,436.24
10.16,40.8,1028.13,86.39,477.49
34.48,74.34,1000.91,42.61,433.94
15.62,40.12,1013.03,96.26,462.59
32.02,67.83,1007.77,53.31,426.55
13.87,42.99,1007.45,81.52,471.12
11.77,41.06,1021.45,76.63,475.88
11.64,40.1,1015.5,87.05,477.2
31.52,76.2,1008.31,57.35,435.31
29.43,66.75,1017.63,42.72,434.6
23.54,41.1,1002.05,38.05,448.56
15.07,43.48,1015.22,57.74,459.96
23.23,64.69,1008.12,76.6,444.01
15.85,49.69,1015.33,89.24,469.4
13.52,42.07,1017.91,NA,464.07
11.84,39.28,1016.97,90.52,477.51
16.54,NA,1014.85,78,465.26
15.34,41.96,1012.08,100.12,468.33
13.44,42.34,1018,96.65,459.6
21.53,58.05,1012.9,87.57,447.93
20.77,52.05,1012.22,45.61,455.02
32.53,77.95,1014.76,58.1,434.44
13.78,38.47,1015.2,57.8,466.41
9.99,36.71,1023.57,83.53,475.85
20.38,62.52,1017.85,75.56,456.56
30.76,69.14,1007.63,71.24,431.67
24.97,50.23,1015.6,56.79,454.35
26.52,73.21,1002.3,95.38,437.02
15.86,49.69,1015.59,87.26,462.84
28.37,67.07,1005.65,56.13,435.94
14.77,44.9,1020.5,84.31,465.23
20.06,52.84,1004.21,NA,447.47
24.04,51.95,1006.13,73.92,450.07
24.78,50.78,1008.81,62.97,443.98
27.47,63.78,1016.07,NA,446.69
23.47,59.22,1013.44,83.33,442.13
18.85,67.32,1012.91,82.37,446.7
26.41,65.59,1010.69,73.78,441.49
NA,41.92,1030.2,65.96,463.9
19.45,46.33,1013.39,99.52,452.82
23.81,57.5,1015.53,70.66,448.72
16.5,53.29,1017.7,95.66,458.37
29.04,70.72,1009.55,66.58,437.95
26.69,70.36,1006.82,68.29,435.04
8.07,43.69,1017.05,87.34,485.18
11.63,40.55,1022.89,87.12,474.67
21.97,58.12,1014.21,85.93,448.91
28.61,70.36,1006.95,73.06,440.16
21.28,70.32,1011.55,88.05,438.7
13.93,44.9,1022.15,85.93,470.59
23.33,73.18,1012.51,91.29,436.33
16.85,39.64,1008.82,80.81,464.2
23.66,77.54,1008.5,85.32,435.38
11.67,36.18,1016.03,61.44,472.76
14.87,42.77,1017.94,75.06,462.03
12.14,44.85,1014.36,60.04,476.68
9.3,43.14,1010.99,88.12,477.02
27.67,69.59,1009.13,82.15,437.29
24.23,49.3,1003.61,74.44,440.65
13.09,43.67,1012.22,91.91,474.45
28.04,74.33,1013.53,48.65,432.92
29.91,NA,998.59,72.41,432.6
19.65,57.85,1011.73,93.89,450.5
18.04,44.88,1017.96,66.3,461.13
25.54,61.08,1013.77,69.64,448.57
22.67,60.77,1017.56,79.43,444.43
32.86,68.51,1008.43,46.78,432.38
23.08,48.41,1008.44,82.35,443.5
18.84,61.27,1019.64,71.95,454.47
21.14,69.94,1008.87,79.74,440.69
24.16,48.98,1015.19,42.55,459.27
9.01,38.56,1016.67,63.61,482.37
28.23,62.26,1010.88,60.86,435.76
8.07,NA,1019.4,86.43,484.54
13.6,39.82,NA,86.1,470.69
11.95,42.07,1018.52,84.73,467.91
21.7,60.77,1018.07,88.15,444.66
9.55,40.67,1018.56,NA,486.34
NA,NA,1016.35,89.17,482.17
14.22,37.85,1011.24,88.49,471.05
27.78,77.17,1009.11,86.54,430.33
21.81,43.77,1011.97,64.72,453.13
20.35,56.53,1020.23,70.05,456.04
6.06,41.17,1019.67,84.7,489.62
29.6,67.79,1010.37,51.05,442.43
24.4,67.45,1015.63,57.1,435.47
15.3,38.62,1017.19,70.63,462.65
16.73,58.59,1015.02,89.61,455.3
12.08,40.75,1015.84,86.9,476.84
24.2,63.21,1012.25,79.86,449.03
17.32,41.67,1013.23,68.07,462.74
20.18,43.56,1013.14,39.16,462.8
28,74.22,NA,66,433.94
24.13,48.98,1014.74,40.13,460.38
8.83,41.26,1023.04,86.08,478.87
13.18,43.72,1010.59,NA,464.7
10.15,41.46,1019.78,83.56,481.31
32.98,71.32,1003.67,49.78,433.56
23.54,70.32,1010.89,80.76,434.45
15.24,39.39,1013.01,74.24,469.79
19.17,52.9,1016.56,65.23,458.59
20.98,47.43,1007.39,68.15,450
15.03,44.45,1020.94,65.57,460.06
26.59,66.49,1013.32,49.76,439.72
25.21,46.21,1010.87,59.35,439.55
24.96,NA,1011.37,63.12,447.2
15.94,44.85,1014.29,67.57,462.54
7.95,37.49,1009.32,80.8,479.78
27.55,68.08,1011.42,60.71,432.59
14.16,44.58,1020.75,77.42,473.22
23.2,49.3,1003.4,79.77,440.75
14.99,41.35,1004.56,98.9,466.85
19.26,65.61,1015.03,85.74,451.85
30.17,64.79,1017.06,43.81,439.75
NA,39.96,1025.64,93.58,467.41
6.89,39.37,1020.21,74.17,486.9
15.17,36.71,1013.5,77.44,471.93
7.79,43.13,1019.67,85.35,484.42
27.92,63.07,1010.75,45.26,442.87
31.01,73.5,1010.92,48.61,432.41
13.5,41.44,1015.72,68.36,471.34
13.77,42.86,1030.72,77.3,471.38
18.41,62.1,1020.4,78.1,457.14
22.5,59.43,1010.31,72.17,441.92
24.87,NA,1013.76,54.55,440.79
10.42,44.85,1014.18,88.36,479.03
14.1,44.92,1023.95,89.5,467.22
19.61,56.53,1019.69,77.13,454.22
17.92,44.2,1018.97,53.8,455.37
23.01,66.54,1009.86,64.53,442.47
10.59,41.26,1008.1,98.27,474.76
29.08,66.54,NA,64.5,430.16
7.19,39.37,1019.67,70.77,480.4
15.48,47.83,1004.88,81.68,463.67
14.82,44.58,1020.13,74.88,473.17
24.66,69.94,1006.56,60.91,432.68
19.89,68.08,1012.65,80.25,448.71
NA,NA,1007.12,90.56,440.99
13.49,44.63,1019.12,70.02,471.08
19.31,44.71,1016.13,30.59,463
27.17,63.09,1015.59,68.33,443.66
NA,66.54,NA,79.82,443.03
12.48,40.67,NA,61.1,475.96
18.38,55.28,1020.22,68.33,451.29
24.97,59.87,1018.7,59.94,443.7
11.25,40.67,NA,63.54,480.49
11.68,40.55,1017.31,99.82,473.51
26.85,57.19,1007.9,60.04,438.01
21.3,66.86,1013.04,55.43,450.56
NA,50.16,1010.72,100.09,451.2
10.2,41.46,1019.12,83.26,480.11
23.04,NA,1005.44,92.86,437.65
27.98,67.9,1006.3,73.53,436.08
23.44,72.24,1011.28,88.03,438.34
14.91,NA,1019.59,98.1,461.73
11.29,41.5,1013.39,89.15,476.04
28.98,73.42,1011.25,72.9,432.2
22.56,60.29,1018.19,67.53,447.15
NA,52.3,1009.67,88.88,444.5
23.25,69.45,1013.85,70.14,437.18
23.89,64.27,1013.37,75.22,450.82
26.78,52.3,1008.52,61.23,441.21
6.92,41.26,1011.16,96.2,483.61
30.57,58.9,1004.54,54.37,438.49
11.06,41.5,1013.09,89.8,476.24
21.13,47.43,1006.97,64.26,448.83
20.42,60.77,1017.65,87.07,447.85
17.37,58.49,1012.2,91.14,456.29
26.86,68.08,NA,50.04,436.25
8.56,40.71,1021.27,95.87,471.58
27,73.42,1012.2,87.28,432.79
18.6,41.67,1013.07,64.23,458.91
21.49,56.9,1007.47,66.66,452.46
15.11,45.01,1014.35,65.03,460.91
22.85,59.15,1014.74,63.92,448.61
6.4,41.17,1019.54,NA,488.82
25.41,NA,1009.68,89.09,434.09
22.61,50.32,1008.41,79.4,444.74
25.28,66.25,1009.77,84.55,439.77
11.35,38.91,1017.93,83.45,474.22
7.79,NA,1023.17,97.11,471.82
20.78,68.28,1008.75,60.87,450.57
14.93,42.44,1012.65,86.8,471.24
7.29,40.96,1023.01,90.78,488.65
8.62,39.54,1011.64,NA,483.03
10.05,40.23,1019.71,90.41,475.48
29.26,67.17,1006.6,70.58,436.42
31.26,70.36,1006.49,60.47,438.15
12.54,40.1,1015.73,84.29,475.02
32.19,69.13,1000.45,48.22,425.21
17.1,48.98,1016.48,85.63,454.43
10.22,37.83,1005.94,93.53,471.79
22.97,72.24,1011.15,95.85,437.41
10.16,39.3,1019.71,81.21,480.74
26.74,69.89,1013.96,51.82,436.02
20.5,51.19,1009,91.79,445.35
12.19,40.23,1017.45,82.07,474.91
26.15,64.27,1013.03,59.77,439.11
6.9,40.71,1021.78,94.8,471.43
13.82,42.32,1016.32,NA,463.06
19.35,39.72,1002.5,51.24,455.29
NA,71.64,1005.54,69.84,435.98
26.38,66.49,1013.89,43.06,442.38
32.96,68.31,1010.39,42.33,443.57
14.93,41.79,1008.88,81.48,456.75
21.94,50.32,1008.44,86.98,444.89
13.87,45.08,1024.42,81.69,465.48
27.78,70.8,1009.81,79.57,431.44
18.95,42.23,1013.01,79.4,462.73
26.51,70.32,1010.3,57.4,431.82
17.74,49.69,1006.09,80.7,457.05
12.69,40.75,1016.05,82.92,472.68
24.7,58.82,1009.4,75.91,442.98
24.14,63.21,1012.28,89.08,440.74
27.75,77.24,1007.48,78.37,433.57
33.38,71.06,1008.1,64.83,430.98
10.66,37.5,1009.42,95.86,472.86
32.16,68.14,1004.86,37.77,429.64
26.99,68.12,1011.45,58.48,436.95
30.35,69.51,1009.95,39.24,430.07
27.05,75.33,1003.88,82.94,433.57
28.8,71.77,1006.41,66.03,426.87
31.96,71.29,1008.39,47.51,433.04
14.24,45.01,1013.54,88.68,461.64
23.25,59.87,NA,NA,444.23
10.31,40.67,1017.61,69.61,485.25
25.24,68.28,1000.26,78.17,435.9
7.92,36.08,1021.01,81.84,482.98
30.56,72.39,999.96,69.81,430.85
20.17,58.12,1015.41,79.47,455.25
23.59,59.43,NA,65.8,440.61
25.16,47.01,1014.99,64,452.64
14.1,42.18,1015.05,78.25,463.3
19.29,50.16,1010.49,97.78,450.21
26.65,73.18,1012.27,83.12,437.7
14.1,39.16,1008.19,74.05,464.07
7.74,42.49,1009.07,90.11,481.69
21.44,62.96,1020.27,79.85,450.57
9.26,39.61,1021.18,84.58,480.38
27.11,NA,1009.76,71.25,431.96
27.12,70.32,1009.94,52.67,429.08
24.23,58.79,1009.8,75.75,444.01
13.44,NA,1009.78,99.13,469.89
30.02,69.04,1009.68,56.01,440.49
11.54,40.05,NA,87.05,474.29
13.91,NA,1017.03,85.93,466.24
28.8,73.4,NA,54.01,439.65
18.64,67.71,1003.84,89.63,442.26
30.3,69.51,1011.8,50.43,431.12
8.86,36.71,1025.64,79.65,478.88
15.52,36.99,1006.86,89.7,467.9
14.19,43.71,1024.38,83.03,467.8
13.86,41.58,1020.69,70.74,461.56
16.23,43.69,1016.4,68.9,466.22
14.18,42.99,1007.19,73.21,468.35
18.92,62.26,1012.05,85.99,451.51
20.41,48.06,1012.62,76.21,451.26
16.77,38.01,1023.04,65.5,460.16
20.57,42.8,1013.1,75.48,460.43
18.81,61.87,1009.71,70.47,448.49
27.38,59.21,1012.74,53.53,437.78
23.38,58.82,1012.27,77.87,446.54
NA,68.94,1007.12,58.18,425.61
21.49,68.28,1004.68,80.64,438
11.65,41.54,NA,67.96,476.4
11.9,39.16,1016.53,84.59,477.75
12.11,38.28,1013.56,93.21,469.93
16.58,38.01,1023.5,NA,464.03
26.62,71.73,1009.32,NA,431.93
27.39,66.93,1017.16,53.75,441.04
23.6,65.48,1017.44,61.26,444.38
15.62,41.76,1023.82,66.17,459.72
33.71,69.98,1013.09,42.62,431.99
12.38,45.51,1016.15,81.37,470.46
6.12,40.81,1014.77,88.15,487.24
22.18,59.39,1014.82,85.31,440.94
24.92,48.92,1010.11,36.53,445.56
12.81,45.51,1015.46,79.97,469.27
10.03,42.18,1017.3,85.99,475.74
20.59,59.8,1015.27,77.94,453.83
26.2,71.73,1009.99,74.99,434.08
14.46,44.78,1007.64,67.03,459.31
35.01,74.67,1016.1,26.3,428.48
13.5,45.51,1015.33,86.95,469.08
28.43,63.31,NA,49.99,432.62
9.57,39.82,1013.12,89.15,468.02
33.62,77.17,1009.38,63.71,431.03
14.47,41.76,1021.98,78.41,464
17.36,39.53,1008.28,68.87,456.57
7.82,38.91,NA,90.11,479.15
12.31,37.73,1023.3,63.01,472.08
26.93,72.99,1007.33,78.85,433.18
18.89,58.66,1010.96,84.07,453.33
13.74,45.08,1024.97,84.79,466.79
4.93,38.44,1015.65,71.47,485.01
9.53,38.38,1020.49,80.08,478.03
17.85,53.16,1013.05,82.72,456.49
5.5,39.04,1021.46,78.91,478.65
19.16,43.43,1012.36,NA,451
20.07,51.3,1011.9,94.62,450.46
10.22,39.16,1015.71,96.2,478.45
8.11,42.18,1014.82,93.09,473.62
25.82,72.39,1003.4,86.33,432.98
24.69,59.92,1010.12,80.58,436.33
13.48,40.35,1011.71,69.44,474.72
31.05,69.13,1000.38,58.49,426.31
29.86,59.57,1011.24,64.02,439.44
27.44,58.9,1003.86,66.74,442.19
17.47,43.56,1014.15,54.71,460.87
21.07,67.07,1004.64,86.16,446.05
6.57,42.07,1004.48,74.82,483.86
20.92,57.76,1017.22,75.86,453.96
19.08,46.93,1010.6,75.21,454.45
28.92,61.02,1011.19,56.13,436.76
30.15,69.88,1007.2,73.67,434.75
NA,42.18,1001.47,97.61,458.67
9.97,41.26,1020.6,91.14,475.43
10.1,41.17,1019.18,84.87,479.95
21.33,58.46,NA,79.73,445.27
23.43,54.42,1013.58,70.99,454.86
21.54,69.48,1011.04,80.48,443.15
14.66,40.73,1017.45,88.57,459.23
6.92,43.13,1018.26,89.23,486.36
15.99,49.21,1015.17,76.4,463.47
13.1,40.55,1007.59,95.46,472.37
35.77,73.56,1006.36,36.31,430.14
24.05,72.24,1011.32,88.94,437.81
10.76,40.43,1025.98,79.65,490.78
5.66,40,1022.08,93.03,475.54
14.82,40,1016.32,66.3,458.46
9.95,41.82,1033.09,69.44,477.52
11.22,41.93,1023.13,69.35,480.71
13.03,42.86,1014.39,NA,475.03
28.37,75.6,1017.48,55.19,439.25
18.55,41.85,1015.24,NA,467.51
8.73,39.42,1025.63,69.87,474.44
16.66,36.71,1013.68,70.66,466.07
33.3,NA,1003.02,53.43,426.88
20.12,56.53,1020.34,75.59,454.54
30.2,74.34,NA,74.77,431.77
13.64,44.88,1019.85,56.86,466.66
29.62,71.8,1011.05,63.13,438.55
27.21,64.05,1010.08,76.69,442.37
NA,NA,1019.45,51.32,467.72
18.51,48.06,1015.14,79.83,455.44
30.32,74.22,1008.31,53.14,429.36
10.33,40.6,1015,88.62,478.3
30.03,68.84,1011.41,53.82,439.31
21.49,70.32,1009.07,92.25,443.04
29.7,57.35,1005.63,57.35,433.27
6.48,NA,1010.55,82.12,486.68
13.9,44,1025.1,87.17,466.24
18.61,63.09,1019.37,83.08,449.81
29.99,74.9,1003.84,64.43,435.87
19.8,52.9,1017.75,66.67,456.64
28.01,64.69,1007.61,58.45,440.23
29.12,66.56,1006.9,49.79,429.94
12.77,40.71,1014.66,72.81,471.59
28.24,65.74,1013.4,64.87,438.47
11.86,40.27,1008.06,72.91,474.57
16.07,65.46,1013.88,87.11,450.54
NA,40.27,1010.84,81.64,489.1
23.9,61.41,1011.95,67.87,451.99
29.54,74.99,1005,69.69,432.94
25,59.43,1007.84,68.91,438.28
20.58,50.78,1008.87,91.18,445.03
28.08,73.42,1012.17,62.74,434
27.11,69.59,1008.56,79.2,437.2
25.21,75.6,1017.19,69.84,445.84
26.22,65.34,1015.17,47.25,444.06
18.59,39.54,1008.56,68.61,462.56
14.49,41.92,1030.3,56.62,463.81
13.63,40.92,1021.89,80.5,462.4
30.38,71.58,1010.17,50.45,433.75
7.77,35.77,1016.53,73.79,479.68
28.25,57.19,1007.99,67.9,436.99
29.45,68.24,1007.45,32.81,432.53
19.81,NA,1013.39,38.13,460.59
27.96,77.24,1007.23,78.51,433.35
15.24,40,1017.34,65.16,454.64
25.43,72.39,1002.65,88.13,436.1
26.33,61.41,1011.9,52.1,452.79
10.8,NA,1012.84,93.84,462.84
10.17,40.1,1014.05,91.9,479.58
27.33,68.94,1007.04,61.83,431.96
30.82,70.36,1006.47,58.79,439.16
4.87,42.85,1012.69,94.72,482.05
27.24,77.17,1009.37,81.51,439.12
22.32,64.27,1014.35,82.98,446.62
22.27,50.05,1007.1,89.34,442.24
23.57,70.04,1011.06,82.79,437.53
20.78,58.86,NA,77.29,446.2
12.22,41.2,1016.81,81.22,474.96
25.03,60.27,1017.9,72.04,438.24
13.32,41.7,1020.22,88.3,451.93
8.12,43.02,1013.56,85.26,483.55
24.8,72.24,1011.58,83.61,435.25
18.53,39.72,1001.26,64.08,457.26
15.49,39,1016.01,71.31,462.28
28.12,58.33,1013.61,39.67,448.72
10.17,41.17,1018.58,87.72,478.04
21.79,58.2,1017.21,66.74,446.94
14.81,44.88,1019.1,66.7,464.65
27.87,70.79,1003.96,72.17,428.41
16.37,39.64,1009.19,76.92,463.91
17.94,62.1,1019.81,82.65,453.55
33.82,73.03,1013.49,42.17,439.3
NA,49.69,1012.89,75.53,455.6
5.15,35.19,1018.63,93.94,488.42
24.75,63.57,1010.47,NA,445.3
10.52,41.01,1020.35,93.58,466.75
15.5,NA,1024.16,NA,462.12
25.15,71.14,1011.68,70.33,434.99
18.32,47.83,1005.06,87.21,454.11
24.37,68.14,1005.22,59.27,440.22
20.78,62.52,1017.58,73.3,452.3
20.67,63.56,1013.27,79.39,450.7
23.96,51.3,1011.81,71.81,451.11
19.06,44.63,1004.23,84.43,456.54
10.55,41.55,1005.02,63.24,473.99
14.91,43.34,1015.15,NA,461.27
28.08,64.44,1013.02,64.34,440.26
13.15,40.78,1024.13,79.59,462.3
19.69,56.65,1020.86,73.41,455.32
33.37,73.88,1005.8,47.94,436.76
9.96,39.66,1015.23,82.98,480.6
21.04,74.87,1009.09,88.25,443.44
10.74,44.85,1014.25,71.61,476.83
25.98,60.95,NA,48.01,442.9
11.91,40.69,NA,83.71,476.71
8.25,37.49,1009.02,81.09,480.38
10.46,41.26,1020.65,92.24,473.76
33.83,67.9,1005.94,29.86,428.12
25.96,63.77,1013.24,65.43,445.26
30.7,71.58,1010,48.96,429.27
10.02,39.82,1012.86,89.47,482.47
6.65,40.77,1021.79,88.84,482.9
10.37,40.03,1017.47,NA,477.91
11.34,41.54,1020.25,NA,477.24
22.69,48.14,1013.7,62.05,448.52
31.63,68.3,1014.8,42.02,426.86
12.19,40.75,1015.13,88.98,475.36
28.74,71.14,1011.53,48.6,430.12
26.23,59.87,1012.93,66.62,447.16
29.24,60.23,1009.62,59.71,438.24
16.62,52.05,1011.96,67.81,457.89
18.71,54.9,1017.12,74.79,456.88
20.59,42.04,1009.78,62.77,463.08
24.22,61.86,1013.39,80.11,442.65
23.68,68.3,1017.93,84.16,438.65
17.33,53.16,1013.77,82.77,459.78
8.95,38.56,1017.85,64.34,475.43
15.4,41.16,1005.34,80.22,465.16
27.56,65.59,1010.88,66.47,439.64
NA,56.85,1010.91,84.28,440.08
20.76,69.05,1001.89,77.86,442.82
28.19,NA,NA,43.93,436.43
26.82,75.08,1005.93,60.81,441.14
18.83,47.83,1005.58,77.07,454.23
13.02,40.1,1014.43,87.32,474.97
14.56,40.89,1010.94,79.57,467.53
20.65,57.5,1016.04,87.45,448.22
6.05,42.85,1013.09,91.88,485.02
18.07,63.31,1016.65,NA,456.5
23.74,49.21,1012.78,42.5,447.67
22.59,65.06,1014.36,62.44,444.6
26.54,71.14,1007.52,72.04,431.31
11.64,41.39,1017.36,NA,479.53
31.23,66.75,1017.48,36.55,433.9
12.12,41.17,1017.68,78.72,470.67
22.95,67.79,NA,91.69,442.19
13.75,40.66,1016.41,93.31,461.81
23.49,49.3,1003.35,77.96,442.76
19.57,NA,1011.13,96.4,448.73
32.27,NA,1007.88,56.01,427.56
15.61,38.52,1018.4,80.99,439.21
29.47,71.32,1008.07,67,437.14
24.05,61.87,1009.64,NA,442.16
32.95,67.9,1005.88,45.15,425.89
25.44,61.25,1012.57,87.65,441.77
10.12,40,1021.33,95.29,476.03
28.44,77.54,1011.73,77.3,433.21
15.18,44.2,1019.6,72.45,462.09
29.27,64.69,1006.85,55.79,438.23
14.1,44.84,1025.09,79.42,468.22
25.14,63.47,1012.58,70.27,443.93
NA,72.29,1010.13,50.19,435.71
32.25,77.54,1010.46,54.57,430.86
26,69.89,1015.12,73.06,433.5
8.6,40.77,1011.8,89.45,480.82
12.09,38.25,1013.61,81.28,469.29
14.03,49.15,1020.5,83.65,467.16
16.14,44.63,1019.44,47.85,463.5
25.64,68.14,1005.48,56.11,437.63
10.08,40.72,1022.7,67.3,480.8
29.34,70.94,1007.82,62.43,433.57
11.62,43.48,1016.66,76.32,468.37
25.03,57.5,1014.96,62.23,449.48
20.65,48.41,1008.38,91.02,447.35
24.8,68.3,1018.01,80.41,436.17
11.8,43.99,1020.86,98.44,466.75
26.62,65.12,1016,NA,441.22
19.62,58.79,1017.59,87.39,446.29
17.08,38.58,1015.41,73.42,461.49
23.21,73.42,1010.34,88.29,439.66
8.51,34.69,1026.96,75.34,481.83
27.43,63.87,1017.6,43.33,442.71
8.66,41.01,1022.51,98.55,472.16
15.01,39.52,1017.53,72,468.02
29.05,71.85,1008.6,78.69,428.39
29.39,71.14,1010.97,53.88,430.5
15.09,43.13,1015.71,54.36,466.87
21.71,76.86,1006.71,76.86,438.41
22.94,61.5,1008.25,73.45,445.31
10.08,41.16,1023.14,96.03,469.17
9.83,41.17,1019.34,72.29,478.21
17.84,52.08,1006.65,100.09,450.67
15.54,41.96,1011.78,97.46,467.1
30.71,71.85,1008.07,72.05,425.16
21.64,NA,1007.73,74.79,447.96
16.76,45.09,1014.28,57.71,458.67
24.67,58.05,1011.31,69.95,444.57
10.31,45.01,1018.42,93.67,473.74
10.06,42.02,999.37,98.65,477.82
27.48,61.41,1012.2,45.06,452.24
21.81,65.06,1014.6,66.41,447.13
19.97,50.78,1008.75,92.7,446.57
19.83,46.33,1013.27,96.4,451.22
8.33,39.72,1020.24,82.84,479.12
12.65,44.03,1007.13,85.23,466.01
10.39,40.22,1009.77,NA,478.58
7.18,38.56,1016.49,70.37,487.63
7.19,41.39,1018.12,90.76,486.35
9.72,41.44,1015.17,84.41,481.85
16.89,49.21,1015.19,70.39,458.25
24.96,60.27,1018.68,69.97,442.67
27.39,69.14,1008.82,NA,435.22
25.91,75.6,1018.23,62.65,443.2
20.34,69.45,1012.76,91.05,442.73
15.99,43.34,1014.2,78.66,465.96
17.35,52.72,1026.31,58.01,463.65
23.67,72.24,1011.22,90.45,435.94
13.45,40.73,1018.7,93.88,461.03
14.43,35.85,1021.99,78.25,464.6
24.85,70.47,1006.64,85.37,434.47
23.5,54.42,1012.31,68.29,455.38
20.36,56.53,1020.25,NA,455.34
20.62,68.12,1012.33,79.88,447.16
20.77,56.85,1012.4,83.63,442.85
8.57,41.17,1020.18,72.47,484.2
5.7,40.62,1016.07,84.94,482.82
11.72,40.55,1020.74,86.22,474.7
3.68,39.64,1011.31,84.05,490.02
10.23,43.72,NA,97.93,471.61
9.47,40.81,1026.44,91.87,479.96
17.19,37.2,1011.84,67.59,468.4
21.57,69.23,1011.94,81.73,437.55
29.29,70.36,1006.64,60.82,431.26
11.52,40.03,1017.56,87.87,472.31
10.86,37.5,1013.36,75.56,473.75
NA,40.43,1025.48,74.75,489.54
NA,41.48,1015.55,52.17,454.25
5.82,40.62,1016.79,85.04,482.67
25.95,73.77,1001.35,92.67,432.21
9.13,39.04,1022.36,74.6,483.24
20.76,59.04,1012.51,85.39,448.92
22.3,44.57,1008.48,67.58,449.74
15.11,56.03,1020.27,89.95,462.65
25.38,65.34,NA,62.49,447.41
14.31,40.78,1024.3,76.41,463.54
19.7,52.84,NA,89.72,444.64
29.76,73.56,1008.07,84.85,432.51
23.49,64.63,1020.75,65.16,450.28
12.91,41.16,1011.9,89.19,472.71
17.74,44.2,1018.87,58.59,454.37
31.74,72.25,1012.21,41.62,437.29
25.79,67.17,1007.89,81.38,440.75
23.99,67.69,1007.9,78.57,437.1
24.94,67.69,1008.86,68.97,439.08
6.45,35.77,1018.86,67.84,483.12
11,40.23,1019.08,86.5,475.9
13.92,43.5,1021.14,88.44,461.45
16.75,36.99,1006.42,NA,464.18
21.4,74.93,1014.58,80.85,434.09
19.23,41.67,1012.53,48.86,465.66
30.2,71.85,1008.25,59.1,425.21
12.85,40.92,1023.04,84.04,461.05
24.66,57.43,1013.17,71.82,445.41
8.42,42.28,1008.4,87.78,481.91
11.48,44.6,1018.29,90.76,470.39
23.67,63.86,1019.67,57.95,441.73
18.15,41.23,993.82,61.21,456.32
13.03,39.52,1016.68,83.09,473.99
19.69,56.65,1020.72,70.86,456.18
18.93,59.39,1013.92,68.78,450.14
8.05,40.62,1018.16,73.67,477.2
27.03,71.14,1010.33,66.25,430.41
22.84,61.87,1010.63,51.67,442.72
6.37,41.03,1022.23,80.36,490.47
19.94,65.46,1017.7,68.94,448.67
18.36,62.1,1019.9,79.09,453.5
11.51,41.06,1021.3,78.11,476.91
9.48,40.11,1025.49,73.81,472.16
19.23,45.01,1012.24,72.91,450.77
NA,40.22,1007.1,90.36,478.43
25.4,65.34,1013.11,53.93,445.82
21.95,68.63,1012.8,61.55,448.9
8.19,41.66,1016.57,75.38,485.2
17.47,63.31,1015.28,88.22,450.68
10.35,38.38,1020.77,74.55,477.76
29.59,70.17,999.71,71,434.85
23.04,57.32,1011.23,64.27,442.01
26.97,64.45,1009.43,53.96,443.75
20.82,52.84,1004.13,79.42,449.59
15.78,48.6,1007.24,84.23,460.86
22.57,63.94,1013.49,81.61,443.58
26.51,67.25,1017.85,64.17,435.52
14.78,38.58,1017.02,82.4,460.54
22.79,44.57,1007.31,69.36,448.91
22.56,70.79,1005.85,93.09,435.14
29.42,56.9,1006.51,53.6,439.51
13.88,48.79,1017.28,79.4,464.14
17.39,46.21,1013.94,82.73,454.06
22.12,60.37,1008.75,92.13,439.18
23.71,67.17,1007.27,90.2,440.65
18.59,43.14,1011.92,52.63,464.48
16.5,44.63,1020.58,64.11,458.78
8.51,41.26,1023.17,87.79,477.51
16.31,52.75,1024.4,55.69,456.58
17.75,42.24,1016.86,61.52,468.86
25.74,63.73,1010.88,70.87,441.9
20.77,60.1,1011.11,81.09,450.32
8.61,NA,1024.81,95.6,473.62
14.38,44.84,1024.59,81.68,471.6
14.5,44.47,1028.2,66.95,465.15
28.97,64.44,1014.55,54.67,438.08
21.23,57.32,1010.99,75.17,443.87
28.13,61.25,1013.12,62.57,436.61
22.7,64.05,1012.65,89.69,448.76
26.53,63.87,1017.38,48.53,445.11
26.82,64.96,999.72,63.55,427.51
11.06,36.71,1021.67,80.44,473.85
26.16,63.76,1010.03,68.77,437.24
11.77,39.39,1012.9,85.8,478.51
14.79,41.04,1025.32,75.81,456.97
21.18,45.01,1012.57,48.05,451.62
24.94,59.07,1008.89,84.79,440.12
4.49,38.44,1015.47,76.96,485.78
8.63,43.79,1016.08,83.25,483.91
27.91,63.76,1010.27,65.67,435.21
13.18,40.83,1007.67,95.44,472.36
20,39.53,1007.59,62.09,456.28
12.49,38.25,1012.61,83.32,470.63
21.48,47.43,1006.88,63.54,449.2
28.97,78.92,NA,88.5,430.98
13.09,39.85,1012.86,58.42,475.89
7.5,40.02,1031.39,82.53,476.01
7.65,41.01,1024.31,97.17,475.89
26.59,59.92,1009.97,70.09,438.22
30.51,70.79,1004.55,56.05,428.79
22.18,59.8,1016.77,73.16,453.24
14.58,42.07,1017.9,86.14,460.66
NA,73.67,1005.71,76.75,431.97
25.72,70.47,1010.44,70.57,434.94
32.55,73.03,NA,44.83,439.81
26.28,68.14,1005.61,53.17,435.71
26.54,69.34,1009.5,87.18,435.51
NA,43.56,1014.95,81.54,482.71
9.88,39.66,NA,76.05,480.05
27.14,64.27,1012.71,54.4,441.68
23.61,59.39,1015.11,78.84,438.08
17.38,43.14,1011.09,61.9,459.02
13.93,39.64,1011.8,82.64,470.84
23.89,65.18,1012.46,78.29,438.97
20.54,59.39,1014.07,NA,445.41
24.34,73.5,1011.31,84.15,440.29
25.36,60.07,1015.06,66.11,439.73
22.12,49.39,1019.8,72.83,451
24.93,70.32,1007.34,61.25,436.03
14.12,39.4,1008.02,76.45,468.63
27.05,59.15,1012.83,56.31,441.39
14.07,42.86,1032.16,71.53,467.47
11.16,40.05,1014.95,88.38,479.11
10.03,41.79,1020.35,66.42,475.42
NA,62.52,1017.96,75.17,451.86
NA,63.87,1016.91,55.65,447.02
29.86,69.34,1007.76,54.12,433.57
32.09,79.74,1006.92,61.5,432.85
20.84,59.8,1016.96,75.05,451.13
12.82,48.14,1017.47,81.45,467.48
12.68,43.7,1016.07,86.89,471.8
14.43,43.5,1021.86,83.14,466.58
32.21,68.3,1014.94,49.38,429.66
4.23,38.44,NA,76.64,489
7.23,41.22,1015.23,98.04,483.31
24.73,71.14,1009.07,68.87,437.55
NA,49.83,1007.29,92.79,466.08
19.73,69.51,1013.14,NA,450.99
12.24,41.2,1012.48,89.85,473.22
17.28,39.99,1007.09,74.25,463.28
20.86,51.3,1012.03,92.46,449.67
19.86,41.67,1012.31,53.9,462.86
15.09,40.89,1010.15,92,466.47
11.74,40.71,1020.64,82.15,470.05
29.6,69.82,1010.49,61.66,438.47
26.69,79.74,1008.29,73.79,431.41
NA,45.17,1017.5,77.57,461.96
27.04,48.41,1008.57,60.73,441.21
14.82,44.2,1018.98,72.8,465.73
11.42,41.38,1021.98,60.19,479.23
30.85,68.94,1007.31,68.99,426.1
28.41,75.6,1018.48,56.07,440.28
14.07,NA,1007.57,96.05,468.87
6.3,41.14,NA,86.11,481.49
8.23,41.01,1022.89,98.03,474.52
16.64,45.87,1009.02,98.86,456.79
24.93,73.5,1011.28,83.09,437.35
8.86,40.8,1028.18,91,483.36
25.57,44.05,1005.79,65.14,443.84
20.77,69.51,NA,62.89,442.82
23.95,51.86,1014.24,68.28,449.81
20.08,58.79,1017.32,81.59,451.21
14.76,39.64,1010.37,81.99,465.82
8.9,36.24,1013.29,89.35,479.03
9.34,41.49,1020.58,97.59,471.04
11.7,25.36,1008.65,92.11,470.88
19.88,47.03,1012.27,91.99,456.44
18.02,53.16,1013.41,82.84,458.01
24.56,58.82,1011.42,72.47,442.76
10.07,41.39,1019.89,70.53,480.54
17.1,62.1,1020.39,93.63,453.4
4.08,35.19,1018.87,97.07,489.44
26.56,52.3,1007.4,62.04,439.25
16.32,43.5,1021.3,72.6,460.07
17.57,44.06,1015.43,72.75,459.73
14.01,43.34,1016.95,83.41,463.81
NA,40.71,1016.19,66.15,467.62
NA,39.16,1015.23,NA,486.91
22.27,48.98,1014.47,49.33,451.74
9.68,39.61,1015.63,74.5,475.02
26.29,68.24,1010.71,76.95,429.71
14.57,25.88,1008.92,69.16,464.11
22.06,59.39,1015.26,85.04,441.31
12.95,41.23,993.74,96.35,469.05
27.71,70.32,1008.63,64.05,432.59
30.28,58.9,NA,NA,439.06
27,71.25,1002.66,70.59,437.22
22.71,48.06,1012.82,67.81,445.1
6.77,40.78,1024.86,96.58,478.24
25.89,59.22,1013.4,80.17,445.75
24.63,59.57,1010.45,NA,440.67
22.91,61.86,1012.8,92.69,441.24
26.68,49.02,1008.4,68.01,441.54
NA,69.05,1000.74,39.61,426.61
NA,55.5,1020.03,69.33,455.13
33.8,64.96,1004.88,49.37,427.28
31.35,71.32,1005.99,62.35,434.43
10.4,45.01,1018.58,93.48,470.79
3.91,35.47,1016.92,86.03,488.67
13.35,39.58,1012.41,83.45,465.85
5.23,35.57,1026.23,79.38,488.5
8.75,36.3,1015.61,57.53,480.4
NA,59.43,1010.27,NA,442.85
29.77,67.07,1005.82,48.38,433.89
8.41,40.67,1019.97,69.2,489.25
17.51,NA,1013.13,82.86,457.45
21.05,63.09,1016.49,NA,447.45
24.27,74.93,1012.73,73.81,443.06
22.36,58.79,1011.77,87.51,446.49
19.5,52.72,1025.21,50.21,457.26
26.66,70.02,1010.88,58.37,439.99
19.6,60.95,1015.4,84.26,456.06
20.14,46.33,1013.24,83.39,453.35
14.67,45.01,1014.28,67.91,460.47
29.85,68.24,1007.01,30.99,433.43
29.25,69.13,1010.27,67.35,426.29
16.2,65.46,1013.97,89.84,451.86
13.55,40.71,1019.13,75.44,467.21
22.99,68.67,1006.65,77.62,446.67
13.22,44.92,1023.84,87.99,471.43
22.17,65.61,1014.71,70.91,449.91
27.94,69.84,1003.11,70.47,428.67
9.42,41.4,1029.99,88.41,477.01
23.25,70.32,1009.28,86.52,437.96
23.66,69.51,1012.9,52.59,435.39
26.56,49.02,1007.65,70.78,438.82
23.25,63.78,1016.01,72.01,448.82
15.52,58.59,1014.12,91.22,457.74
NA,40.1,1014.49,81.86,445.98
NA,43.43,1010.64,56.44,449.67
11.6,39.1,1009.81,100.09,460.7
26.75,69.45,1013.88,53.65,434.57
19.08,44.63,1020.14,43.36,459.81
25.72,66.86,1007.47,69.14,439.97
7.55,38.08,1019.37,76.32,485.49
29.25,67.32,1013.88,38.57,437.94
12.57,43.8,1023.2,56.85,466.68
28.15,70.72,1009.76,73.38,436.19
15.18,43.67,1011.59,92.58,467.74
5.46,40.81,1025.73,93.52,474.87
26.1,66.25,1009.25,84.52,441.53
11.66,44.6,1018.39,89.98,471.3
10.62,39.58,1011.9,87.85,479.91
6.1,43.65,1018.07,75.85,485.24
17.98,59.15,1012.09,83.03,451.97
16.73,65.94,1013.79,NA,453.39
7.93,41.01,1023.64,97.23,476.37
28.92,66.51,1015.5,34.51,439.09
